time,pattern,bpm,obs_wrist,cmd_DF,real_P_DF,target_val
7.360000381595455e-06,single_4,60.0,0.02199114857512855,-0.11685637,0.26494312,19.999999133286327
0.2885062720006317,single_4,60.0,0.02199114857512855,0.724161,0.51724833,0.0
0.41231043200059503,single_4,60.0,0.14765485471872025,0.45723855,0.43717158,0.0
0.43238128000029974,single_4,60.0,0.1947787445225672,0.540436,0.4621308,0.0
0.4524377280004046,single_4,60.0,0.24504422698000386,0.47645205,0.44293565,0.0
0.47247299200080306,single_4,60.0,0.3141592653589793,0.4967112,0.44901338,0.0
0.49255171200002223,single_4,60.0,0.4115486376202629,0.6498879,0.4949664,0.0
0.5126240640001924,single_4,60.0,0.4115486376202629,0.81926703,0.5457801,0.0
0.5326976000005743,single_4,60.0,0.5529203070318036,0.93024373,0.57907313,0.0
0.5527651520005747,single_4,60.0,0.681725605828985,0.90351665,0.571055,0.0
0.572840160000851,single_4,60.0,0.8105309046261666,0.6162803,0.4848841,0.0
0.5929147840006408,single_4,60.0,0.8105309046261666,0.055075854,0.31652278,0.0
0.6129905280004095,single_4,60.0,0.91106186954104,-0.20826039,0.23752189,0.0
0.6330679360007707,single_4,60.0,1.0053096491487337,-0.2953012,0.21140964,0.0
0.6531409920007718,single_4,60.0,1.049291946298991,0.15383923,0.34615177,0.0
0.6732149440003923,single_4,60.0,1.0367255756846316,0.47921747,0.44376528,0.0
0.6932891200003723,single_4,60.0,1.0367255756846316,0.78205,0.53461504,0.0
0.7133791360001851,single_4,60.0,0.986460093227195,0.62577504,0.48773256,0.0
0.7334522560004189,single_4,60.0,0.9393362034233481,0.6818743,0.5045623,0.0
0.7535290560008434,single_4,60.0,0.835663645854885,0.82380134,0.5471404,0.0
0.7736044160001256,single_4,60.0,0.7068583470577035,0.9784275,0.5935283,0.0
0.793680224000127,single_4,60.0,0.7068583470577035,0.704447,0.5113341,0.0
0.8137553920005303,single_4,60.0,0.6188937527571893,-0.28794137,0.21361761,0.0
0.8338299840006584,single_4,60.0,0.6283185307179586,-1.0,0.0,0.0
0.8539047680005751,single_4,60.0,0.7005751617505239,-1.0,0.0,0.0
0.87398019200009,single_4,60.0,0.7005751617505239,-1.0,0.0,0.0
0.8940660160005791,single_4,60.0,0.7382742735936013,-1.0,0.0,0.0
0.914145952000581,single_4,60.0,0.6848671984825749,-1.0,0.0,0.05496812689367127
0.9342192640006033,single_4,60.0,0.49951323192077707,0.5136094,0.45408285,0.6275374620099899
0.954299488000288,single_4,60.0,0.2324778563656447,-1.0,0.0,3.761819823499715
0.9743732480001199,single_4,60.0,0.2324778563656447,0.73954624,0.52186394,11.826561058908084
0.9964387520003584,single_4,60.0,0.0973893722612836,-0.8702101,0.03893697,19.798106141409512
1.0165188160008256,single_4,60.0,0.08168140899333462,0.77771217,0.53331363,16.077732624969336
1.036592512000425,single_4,60.0,0.182212373908208,0.3703171,0.41109514,6.851877661997335
1.0566362240006129,single_4,60.0,0.3612831551628262,0.6174934,0.48524803,1.536647012787988
1.0805697600007989,single_4,60.0,0.3612831551628262,0.59173614,0.47752085,0.11108532184014683
1.1006517120003991,single_4,60.0,0.5529203070318036,0.6348736,0.4904621,0.0
1.1207232640008442,single_4,60.0,0.6408849013323178,0.6106459,0.48319378,0.0
1.140798432000338,single_4,60.0,0.7162831250184728,0.657716,0.49731484,0.0
1.1644349120006154,single_4,60.0,0.7916813487046279,0.62823176,0.48846954,0.0
1.18450758400013,single_4,60.0,0.7916813487046279,0.6622836,0.49868512,0.0
1.2045909760008726,single_4,60.0,0.8733627576979625,0.63562906,0.49068874,0.0
1.2246719040003882,single_4,60.0,0.9361946107697584,0.65753263,0.49725983,0.0
1.248317312000836,single_4,60.0,0.9801769079200154,0.637836,0.4913508,0.0
1.268434688000525,single_4,60.0,1.0053096491487337,0.64606893,0.4938207,0.0
1.288509984000484,single_4,60.0,1.0053096491487337,0.630692,0.48920763,0.0
1.308584640000845,single_4,60.0,1.0053096491487337,0.63075143,0.48922542,0.0
1.328651520000676,single_4,60.0,1.0021680564951438,0.6133787,0.48401365,0.0
1.3487261760001275,single_4,60.0,1.0053096491487337,0.6132029,0.4839609,0.0
1.3688026880008692,single_4,60.0,1.0053096491487337,0.5922396,0.4776719,0.0
1.3889014080004927,single_4,60.0,1.0053096491487337,0.5958613,0.47875842,0.0
1.4089964160002637,single_4,60.0,1.0053096491487337,0.57023,0.471069,0.0
1.4324612480004362,single_4,60.0,1.0053096491487337,0.5797052,0.47391158,0.0
1.452542464000544,single_4,60.0,1.0053096491487337,0.5550626,0.4665188,0.0
1.4726245120000385,single_4,60.0,1.0053096491487337,0.6099591,0.48298776,0.0
1.4927017920008439,single_4,60.0,1.0053096491487337,0.70421886,0.5112657,0.0
1.5127747200003796,single_4,60.0,1.0053096491487337,0.85516083,0.5565483,0.0
1.5328588480006147,single_4,60.0,1.0053096491487337,0.9354644,0.58063936,0.0
1.552942880000046,single_4,60.0,1.0053096491487337,0.8992666,0.56978,0.0
1.5730269120003868,single_4,60.0,1.0053096491487337,0.5827138,0.47481418,0.0
1.5931068160007271,single_4,60.0,1.0053096491487337,0.065767735,0.31973034,0.0
1.6131803840007706,single_4,60.0,1.0053096491487337,-0.20124431,0.23962672,0.0
1.633258816000307,single_4,60.0,1.0053096491487337,-0.30002028,0.20999393,0.0
1.6533360320008796,single_4,60.0,1.0053096491487337,0.15112874,0.34533864,0.0
1.6734102720001829,single_4,60.0,1.0053096491487337,0.48464912,0.44539478,0.0
1.6934858240001631,single_4,60.0,1.0053096491487337,0.7824286,0.5347286,0.0
1.7135591680007565,single_4,60.0,0.9644689446520665,0.6313586,0.4894076,0.0
1.7336390400005257,single_4,60.0,0.8890707209659114,0.68489575,0.5054687,0.0
1.7537293760005923,single_4,60.0,0.7979645340118074,0.81799966,0.5453999,0.0
1.7738046400008898,single_4,60.0,0.7979645340118074,0.977842,0.5933526,0.0
1.7938884800005326,single_4,60.0,0.7194247176720626,0.69991803,0.50997543,0.0
1.813961312000174,single_4,60.0,0.7099999397112933,-0.31485343,0.20554398,0.0
1.8340355840000484,single_4,60.0,0.7602654221687298,-1.0,0.0,0.0
1.8541094400006841,single_4,60.0,0.8262388678941155,-1.0,0.0,0.0
1.8741840640004739,single_4,60.0,0.8262388678941155,-1.0,0.0,0.0
1.894257664000179,single_4,60.0,0.8388052385084747,-1.0,0.0,0.0
1.9143320640005186,single_4,60.0,0.7759733854366789,-1.0,0.0,0.056389972255452524
1.9344205120005427,single_4,60.0,0.5372123437638546,0.5107536,0.45322612,0.640950451716856
1.954538016000697,single_4,60.0,0.21362830044410594,-1.0,0.0,3.8278323703480814
1.9746166080003604,single_4,60.0,0.21362830044410594,0.7428442,0.5228533,11.944596519649703
2.0004337600003055,single_4,60.0,0.05969026041820607,-0.7499231,0.07502307,19.996989862740048
2.020519232000879,single_4,60.0,0.08168140899333462,0.7779372,0.53338116,14.280588506889057
2.040598848000627,single_4,60.0,0.22933626371205487,0.4042077,0.42126232,5.350120619590245
2.0606991680006104,single_4,60.0,0.45867252742410974,0.6497882,0.49493647,1.0494026282365672
2.080799040000784,single_4,60.0,0.45867252742410974,0.6089212,0.48267636,0.10784550141820787
2.100881632000892,single_4,60.0,0.6220353454107791,0.61302114,0.48390636,0.0
2.1209754240007896,single_4,60.0,0.7194247176720626,0.65736055,0.49720818,0.0
2.141050944000199,single_4,60.0,0.7885397560510381,0.63262117,0.48978636,0.0
2.161128064000877,single_4,60.0,0.8450884238156544,0.6693506,0.5008052,0.0
2.18121008000071,single_4,60.0,0.8450884238156544,0.64368975,0.49310693,0.0
2.2012905920000776,single_4,60.0,0.895353906273091,0.6651156,0.4995347,0.0
2.221367520000058,single_4,60.0,0.9519025740377073,0.64528894,0.4935867,0.0
2.241443008000715,single_4,60.0,1.0053096491487337,0.6562828,0.49688485,0.0
2.2615186240000185,single_4,60.0,1.0053096491487337,0.64218795,0.4926564,0.0
2.2815944000003583,single_4,60.0,1.0304423903774522,0.64309424,0.4929283,0.0
2.3016804800008686,single_4,60.0,1.0367255756846316,0.63010764,0.4890323,0.0
2.321758368000701,single_4,60.0,1.033583983031042,0.6269342,0.48808026,0.0
2.3418332800001735,single_4,60.0,1.033583983031042,0.6113273,0.4833982,0.0
2.361924192000515,single_4,60.0,1.033583983031042,0.6095725,0.48287177,0.0
2.3820029440003054,single_4,60.0,1.033583983031042,0.58972096,0.4769163,0.0
2.402083360000688,single_4,60.0,1.033583983031042,0.5928868,0.47786605,0.0
2.424449440000899,single_4,60.0,1.033583983031042,0.56731546,0.47019467,0.0
2.4445292480004355,single_4,60.0,1.033583983031042,0.5801953,0.4740586,0.0
2.464610368000649,single_4,60.0,1.033583983031042,0.5709101,0.47127303,0.0
2.484695200000715,single_4,60.0,1.033583983031042,0.6670929,0.5001279,0.0
2.504772992000653,single_4,60.0,1.033583983031042,0.7913482,0.5374045,0.0
2.524852768000528,single_4,60.0,1.033583983031042,0.9196068,0.5758821,0.0
2.544928288000847,single_4,60.0,1.033583983031042,0.92912054,0.5787362,0.0
2.565005216000827,single_4,60.0,1.033583983031042,0.7509651,0.52528954,0.0
2.5850858880003216,single_4,60.0,1.033583983031042,0.35714376,0.40714315,0.0
2.605165760000091,single_4,60.0,1.033583983031042,-0.099549755,0.27013507,0.0
2.625241472000198,single_4,60.0,1.033583983031042,-0.3091623,0.20725133,0.0
2.645321600000898,single_4,60.0,1.033583983031042,-0.1587087,0.2523874,0.0
2.665400896000392,single_4,60.0,1.033583983031042,0.40257704,0.42077312,0.0
2.6854763840001397,single_4,60.0,1.033583983031042,0.83184516,0.5495536,0.0
2.705556032000459,single_4,60.0,0.9927432785343746,0.62860596,0.4885818,0.0
2.7256326400001853,single_4,60.0,0.9236282401553991,0.70938313,0.51281494,0.0
2.7457079360001444,single_4,60.0,0.9236282401553991,0.82104135,0.54631245,0.0
2.7657855040006325,single_4,60.0,0.8262388678941155,0.99370015,0.5981101,0.0
2.7858518400007597,single_4,60.0,0.7602654221687298,0.8541099,0.556233,0.0
2.8059402880007838,single_4,60.0,0.7476990515543707,0.5212063,0.45636192,0.0
2.8261297600001853,single_4,60.0,0.7476990515543707,-0.6344209,0.109673746,0.0
2.8484045760005756,single_4,60.0,0.7665486074759096,-1.0,0.0,0.0
2.868479424000725,single_4,60.0,0.7665486074759096,-1.0,0.0,0.0
2.8885645440004737,single_4,60.0,0.7634070148223197,-1.0,0.0,0.0
2.9086440640003275,single_4,60.0,0.7571238295151401,-1.0,0.0,0.025197931772644074
2.9287277760004145,single_4,60.0,0.6126105674500097,0.27253142,0.38175943,0.3436774669427033
2.94879292800033,single_4,60.0,0.6126105674500097,-1.0,0.0,2.454691018621732
2.9688673280006697,single_4,60.0,0.289026524130261,0.6897634,0.50692904,9.210440346451545
2.988944544000333,single_4,60.0,0.053407075111026485,-1.0,0.0,18.13699523051815
3.00901728000008,single_4,60.0,0.01884955592153876,0.74192685,0.5225781,18.74042963561322
3.029098912000336,single_4,60.0,0.01884955592153876,0.28828168,0.38648453,10.15874519273918
3.049189024000043,single_4,60.0,0.182212373908208,0.56298447,0.46889535,2.886614054719944
3.069273184000849,single_4,60.0,0.39584067435231396,0.55647814,0.46694347,0.43029384477428817
3.089347232000364,single_4,60.0,0.5592034923389831,0.6257272,0.48771816,0.033688120225107546
3.109426944000006,single_4,60.0,0.6408849013323178,0.6009333,0.48028,0.0
3.129511936000199,single_4,60.0,0.6408849013323178,0.65607667,0.496823,0.0
3.149584320000031,single_4,60.0,0.7194247176720626,0.6199335,0.48598006,0.0
3.169662528000117,single_4,60.0,0.819955682586936,0.66350627,0.4990519,0.0
3.189736384000753,single_4,60.0,0.9550441666912971,0.64328516,0.49298558,0.0
3.209814464000374,single_4,60.0,0.9550441666912971,0.66522074,0.49956623,0.0
3.2298903680002695,single_4,60.0,1.0210176124166828,0.65059435,0.4951783,0.0
3.2499623680005243,single_4,60.0,1.0649999095669398,0.6561976,0.49685928,0.0
3.2700403200005894,single_4,60.0,1.0901326507956584,0.64871097,0.49461332,0.0
3.2901139520008655,single_4,60.0,1.0901326507956584,0.6432729,0.49298188,0.0
3.310191264000423,single_4,60.0,1.0901326507956584,0.6350004,0.49050015,0.0
3.3302733440004886,single_4,60.0,1.0838494654884785,0.62682223,0.48804668,0.0
3.3503662720004286,single_4,60.0,1.0838494654884785,0.6147558,0.48442677,0.0
3.3704540800008544,single_4,60.0,1.0838494654884785,0.60963833,0.48289153,0.0
3.3905301760005386,single_4,60.0,1.0838494654884785,0.5929715,0.47789147,0.0
3.4106095680008366,single_4,60.0,1.0838494654884785,0.59366477,0.47809944,0.0
3.4306831680005416,single_4,60.0,1.0869910581420685,0.5724187,0.4717256,0.0
3.450766528000713,single_4,60.0,1.0838494654884785,0.585376,0.47561282,0.0
3.4708527360007793,single_4,60.0,1.0838494654884785,0.5942245,0.47826734,0.0
3.4909649280007216,single_4,60.0,1.0838494654884785,0.70657617,0.51197284,0.0
3.5110500480004703,single_4,60.0,1.0838494654884785,0.84388256,0.5531648,0.0
3.5311346560001766,single_4,60.0,1.0838494654884785,0.9357468,0.58072406,0.0
3.551207680000516,single_4,60.0,1.0838494654884785,0.9105264,0.57315797,0.0
3.5712850880008773,single_4,60.0,1.0838494654884785,0.61531687,0.4845951,0.0
3.5913638400006676,single_4,60.0,1.0838494654884785,0.12970147,0.33891046,0.0
3.6114471040000353,single_4,60.0,1.0869910581420685,-0.18078847,0.24576347,0.0
3.631524288000037,single_4,60.0,1.0869910581420685,-0.3058172,0.20825486,0.0
3.6516025280006943,single_4,60.0,1.0869910581420685,0.08744678,0.32623404,0.0
3.671677536000061,single_4,60.0,1.0869910581420685,0.44200855,0.43260255,0.0
3.6917548160008664,single_4,60.0,1.0744246875277093,0.7719619,0.5315886,0.0
3.711828768000487,single_4,60.0,0.9927432785343746,0.6240851,0.48722556,0.0
3.7319122560002143,single_4,60.0,0.8922123136195013,0.6832327,0.50496984,0.0
3.751990016000491,single_4,60.0,0.8073893119725768,0.80576116,0.5417284,0.0
3.772065984000619,single_4,60.0,0.8073893119725768,0.9740075,0.59220225,0.0
3.792143584000769,single_4,60.0,0.7225663103256524,0.72127664,0.516383,0.0
3.812220384000284,single_4,60.0,0.7099999397112933,-0.1661363,0.25015914,0.0
3.8323033280003074,single_4,60.0,0.7634070148223197,-1.0,0.0,0.0
3.852379712000584,single_4,60.0,0.7634070148223197,-1.0,0.0,0.0
3.8724564800004373,single_4,60.0,0.8168140899333461,-1.0,0.0,0.0
3.892533376000756,single_4,60.0,0.8105309046261666,-1.0,0.0,0.0
3.9134967680001864,single_4,60.0,0.7162831250184728,-1.0,0.0,0.050261543171036684
3.933593152000867,single_4,60.0,0.4492477494633404,0.5115223,0.4534567,0.5873330195589018
3.953682208000828,single_4,60.0,0.4492477494633404,-1.0,0.0,3.5947052143147302
3.9738040320007713,single_4,60.0,0.13194689145077132,0.74719703,0.52415913,11.550737433901446
3.99387520000073,single_4,60.0,0.006283185307179586,-0.9411534,0.01765398,19.408706101647503
4.013964960000521,single_4,60.0,0.025132741228718343,0.7842598,0.53527796,17.11090855480361
4.0340308800005005,single_4,60.0,0.15707963267948966,0.35250854,0.40575257,7.918894705233036
4.054093536000437,single_4,60.0,0.15707963267948966,0.6547656,0.4964297,1.9248417641692404
4.074155520000204,single_4,60.0,0.38641589639154456,0.57119644,0.47135895,0.2457352250469391
4.094203328000731,single_4,60.0,0.578053048260522,0.6027703,0.48083112,0.016511778048943836
4.114277888000288,single_4,60.0,0.7414158662471911,0.6545852,0.49637556,0.0
4.134363648000544,single_4,60.0,0.835663645854885,0.63448393,0.4903452,0.0
4.154441728000165,single_4,60.0,0.835663645854885,0.6716397,0.5014919,0.0
4.174515712000357,single_4,60.0,0.9079202768874501,0.649789,0.4949367,0.0
4.194593536000866,single_4,60.0,0.9770353152664256,0.67043036,0.50112915,0.0
4.214668896000148,single_4,60.0,1.033583983031042,0.6580126,0.4974038,0.0
4.234747072000573,single_4,60.0,1.033583983031042,0.66235995,0.498708,0.0
4.254825824000363,single_4,60.0,1.077566280181299,0.6540806,0.4962242,0.0
4.2749033920008515,single_4,60.0,1.0838494654884785,0.64939743,0.49481922,0.0
4.294968128000619,single_4,60.0,1.0807078728348887,0.64155763,0.4924673,0.0
4.315046528000494,single_4,60.0,1.0838494654884785,0.63324237,0.48997274,0.0
4.33512953600075,single_4,60.0,1.0838494654884785,0.62269646,0.48680893,0.0
4.355209344000286,single_4,60.0,1.0838494654884785,0.6160364,0.48481095,0.0
4.375295616000585,single_4,60.0,1.0807078728348887,0.6012007,0.48036024,0.0
4.395375200000672,single_4,60.0,1.0807078728348887,0.59937876,0.47981367,0.0
4.415453280000293,single_4,60.0,1.0807078728348887,0.5794395,0.47383186,0.0
4.435532800000146,single_4,60.0,1.0807078728348887,0.585459,0.4756377,0.0
4.455608864000169,single_4,60.0,1.0838494654884785,0.56923896,0.4707717,0.0
4.4756918400007635,single_4,60.0,1.0838494654884785,0.6283438,0.48850316,0.0
4.495768480000152,single_4,60.0,1.0838494654884785,0.7347286,0.5204186,0.0
4.51585542400062,single_4,60.0,1.0838494654884785,0.87291706,0.56187516,0.0
4.53594012800022,single_4,60.0,1.0807078728348887,0.93776345,0.58132905,0.0
4.556291456000508,single_4,60.0,1.0807078728348887,0.8782915,0.56348747,0.0
4.576375776000532,single_4,60.0,1.0807078728348887,0.53230155,0.45969048,0.0
4.596454848000576,single_4,60.0,1.0838494654884785,-0.006439179,0.29806826,0.0
4.616528768000535,single_4,60.0,1.0838494654884785,-0.2532223,0.22403333,0.0
4.636614688000009,single_4,60.0,1.0838494654884785,-0.29310498,0.21206851,0.0
4.656690880000497,single_4,60.0,1.0838494654884785,0.24781302,0.3743439,0.0
4.676774464000118,single_4,60.0,1.0744246875277093,0.5875608,0.47626826,0.0
4.6968556159999935,single_4,60.0,1.0744246875277093,0.79473686,0.5384211,0.0
4.716933664000862,single_4,60.0,1.0084512418023237,0.63964117,0.49189237,0.0
4.737007520000589,single_4,60.0,0.9361946107697584,0.6866216,0.5059865,0.0
4.757089088000612,single_4,60.0,0.8230972752405258,0.8428552,0.55285656,0.0
4.777161472000444,single_4,60.0,0.7508406442079605,0.9774889,0.5932467,0.0
4.797227520000888,single_4,60.0,0.7508406442079605,0.6817011,0.5045104,0.0
4.817302464000022,single_4,60.0,0.7508406442079605,-0.44455743,0.16663277,0.0
4.8373806720001085,single_4,60.0,0.8105309046261666,-1.0,0.0,0.0
4.857455072000448,single_4,60.0,0.8859291283123216,-1.0,0.0,0.0
4.877532576000704,single_4,60.0,0.8859291283123216,-1.0,0.0,0.0
4.897605824000493,single_4,60.0,0.8890707209659114,-1.0,0.0,0.0
4.917684896000537,single_4,60.0,0.7728317927830891,-1.0,0.0,0.08848795803743253
4.937760416000856,single_4,60.0,0.48380526865282814,0.52434814,0.45730445,0.9018740709779428
4.957841152000583,single_4,60.0,0.21676989309769573,-1.0,0.0,4.825129152757698
4.977927072000057,single_4,60.0,0.21676989309769573,0.7657162,0.5297149,13.544234426058612
4.998004544000651,single_4,60.0,0.07539822368615504,-0.83772695,0.04868192,19.936391850569592
5.018093600000611,single_4,60.0,0.05654866776461627,0.7934327,0.53802985,15.39171818806523
5.038170176000676,single_4,60.0,0.19792033717615698,0.38049096,0.41414732,6.234899153954725
5.0582445760001065,single_4,60.0,0.40840704496667307,0.66014695,0.4980441,1.3254973755938584
5.078324608000003,single_4,60.0,0.40840704496667307,0.59845984,0.47953796,0.14777519670970415
5.098411552000471,single_4,60.0,0.5717698629533423,0.61012805,0.48303843,0.008633247162612982
5.11849600000005,single_4,60.0,0.6503096792930871,0.65116024,0.4953481,0.0
5.138578976000645,single_4,60.0,0.7539822368615503,0.62529826,0.4875895,0.0
5.158657632000541,single_4,60.0,0.7539822368615503,0.6649572,0.4994872,0.0
5.178738272000373,single_4,60.0,0.8325220532012951,0.6360786,0.4908236,0.0
5.198820096000418,single_4,60.0,0.9236282401553991,0.66425526,0.4992766,0.0
5.218905792000442,single_4,60.0,1.017876019763093,0.64785844,0.49435753,0.0
5.238960352000504,single_4,60.0,1.0901326507956584,0.65936387,0.49780917,0.0
5.259038144000442,single_4,60.0,1.0901326507956584,0.6520145,0.49560437,0.0
5.279114144000232,single_4,60.0,1.137256540599505,0.6483878,0.49451634,0.0
5.299192704000234,single_4,60.0,1.1466813185602747,0.64422864,0.49326864,0.0
5.319272928000828,single_4,60.0,1.1341149479459154,0.63353276,0.49005985,0.0
5.339340896000067,single_4,60.0,1.1341149479459154,0.62675506,0.48802653,0.0
5.359429184000874,single_4,60.0,1.1278317626387357,0.6170038,0.48510116,0.0
5.379504672000621,single_4,60.0,1.1278317626387357,0.6054455,0.48163366,0.0
5.399578976000157,single_4,60.0,1.1278317626387357,0.6010108,0.48030326,0.0
5.419656896000561,single_4,60.0,1.1278317626387357,0.5842659,0.4752798,0.0
5.4397292800003925,single_4,60.0,1.1278317626387357,0.5883882,0.4765165,0.0
5.4598122560000775,single_4,60.0,1.1278317626387357,0.579764,0.47392923,0.0
5.479889280000862,single_4,60.0,1.1278317626387357,0.65046024,0.49513808,0.0
5.499966304000736,single_4,60.0,1.1278317626387357,0.76708245,0.5301248,0.0
5.520109696000873,single_4,60.0,1.1278317626387357,0.88635147,0.56590545,0.0
5.5402027520003685,single_4,60.0,1.1278317626387357,0.9380878,0.5814264,0.0
5.560438176000389,single_4,60.0,1.1278317626387357,0.83502984,0.550509,0.0
5.580512128000009,single_4,60.0,1.1278317626387357,0.4738363,0.44215092,0.0
5.600581248000708,single_4,60.0,1.1278317626387357,-0.06830085,0.27950975,0.0
5.6206503360008355,single_4,60.0,1.1278317626387357,-0.3038601,0.208842,0.0
5.640728128000774,single_4,60.0,1.1278317626387357,-0.26228815,0.22131357,0.0
5.660800960000415,single_4,60.0,1.1278317626387357,0.32825768,0.39847732,0.0
5.6808752320002895,single_4,60.0,1.1184069846779663,0.7264759,0.5179428,0.0
5.700955648000672,single_4,60.0,1.0524335389525807,0.63960415,0.49188125,0.0
5.721033728000293,single_4,60.0,1.0524335389525807,0.6996014,0.5098804,0.0
5.741113984000549,single_4,60.0,0.9550441666912971,0.7345079,0.5203524,0.0
5.761192480000318,single_4,60.0,0.8607963870836033,0.9879893,0.5963968,0.0
5.781267648000721,single_4,60.0,0.7665486074759096,0.96196926,0.5885908,0.0
5.8013473600003636,single_4,60.0,0.7665486074759096,0.6584947,0.49754843,0.0
5.821425184000873,single_4,60.0,0.7351326809400116,-0.4973938,0.15078187,0.0
5.841502240000409,single_4,60.0,0.744557458900781,-1.0,0.0,0.0
5.861574592000579,single_4,60.0,0.7508406442079605,-1.0,0.0,0.0
5.881651872000475,single_4,60.0,0.7414158662471911,-1.0,0.0,0.0
5.901739904000351,single_4,60.0,0.7414158662471911,-1.0,0.0,0.008841445486441465
5.9218174080006065,single_4,60.0,0.728849495632832,-1.0,0.0,0.15042632044168208
5.941903072000059,single_4,60.0,0.5403539364174443,0.51098925,0.45329678,1.3438381881481996
5.961980768000103,single_4,60.0,0.21048670779051612,-1.0,0.0,6.292526579809408
5.982053312000062,single_4,60.0,0.0439822971502571,0.8000983,0.5400295,15.457052712325837
6.0021310720003385,single_4,60.0,0.0439822971502571,-0.534217,0.13973491,19.927468353910626
6.022204992000297,single_4,60.0,0.034557519189487726,0.78492224,0.5354767,13.481022257937319
6.04228540800068,single_4,60.0,0.15393804002589986,0.4026972,0.42080918,4.784051060279934
6.0623785280004086,single_4,60.0,0.3832743037379548,0.64861727,0.4945852,0.8894674813924226
6.082451648000642,single_4,60.0,0.3832743037379548,0.6032043,0.4809613,0.0869095694201856
6.102526944000601,single_4,60.0,0.5372123437638546,0.6016492,0.4804948,0.0
6.122606368000561,single_4,60.0,0.6471680866394973,0.6498189,0.49494568,0.0
6.14269401600086,single_4,60.0,0.7539822368615503,0.6203279,0.4860984,0.0
6.162780896000186,single_4,60.0,0.8639379797371931,0.6657928,0.49973786,0.0
6.182862336000653,single_4,60.0,0.8639379797371931,0.640422,0.4921266,0.0
6.202958144000149,single_4,60.0,0.9707521299592461,0.66538966,0.49961692,0.0
6.2230310400000235,single_4,60.0,1.0587167242597602,0.65254325,0.495763,0.0
6.243107104000046,single_4,60.0,1.1278317626387357,0.65984815,0.4979545,0.0
6.263183872000809,single_4,60.0,1.1278317626387357,0.6556504,0.49669513,0.0
6.283262080000895,single_4,60.0,1.152964503867454,0.6482141,0.49446425,0.0
6.303346368000348,single_4,60.0,1.152964503867454,0.64508617,0.49352586,0.0
6.323424288000751,single_4,60.0,1.1435397259066846,0.6326871,0.48980615,0.0
6.343503488000351,single_4,60.0,1.140398133253095,0.6262015,0.48786047,0.0
6.363598016000651,single_4,60.0,1.140398133253095,0.61601985,0.48480597,0.0
6.383688224000252,single_4,60.0,1.140398133253095,0.60492396,0.4814772,0.0
6.403777312000784,single_4,60.0,1.140398133253095,0.6002915,0.48008746,0.0
6.423854656000003,single_4,60.0,1.140398133253095,0.5841659,0.47524977,0.0
6.443941920000725,single_4,60.0,1.140398133253095,0.5891032,0.47673097,0.0
6.464019552000536,single_4,60.0,1.140398133253095,0.58744884,0.47623467,0.0
6.484097152000686,single_4,60.0,1.140398133253095,0.67332035,0.5019961,0.0
6.50443465600074,single_4,60.0,1.140398133253095,0.79762506,0.53928757,0.0
6.524510848000318,single_4,60.0,1.140398133253095,0.92689466,0.57806844,0.0
6.544594752000194,single_4,60.0,1.140398133253095,0.9290813,0.57872444,0.0
6.564671520000047,single_4,60.0,1.140398133253095,0.7670497,0.53011495,0.0
6.58474668800045,single_4,60.0,1.140398133253095,0.38155186,0.41446558,0.0
6.604848384000434,single_4,60.0,1.140398133253095,-0.11941277,0.2641762,0.0
6.6249395200002255,single_4,60.0,1.140398133253095,-0.32348555,0.20295434,0.0
6.645027680000567,single_4,60.0,1.140398133253095,-0.1791849,0.24624453,0.0
6.665102944000864,single_4,60.0,1.140398133253095,0.39093214,0.41727963,0.0
6.685182112000803,single_4,60.0,1.1341149479459154,0.81996584,0.54598975,0.0
6.7052575360003175,single_4,60.0,1.0649999095669398,0.62094253,0.4862828,0.0
6.725334624000425,single_4,60.0,1.0649999095669398,0.69992936,0.50997883,0.0
6.745410016000278,single_4,60.0,0.9676105373056563,0.80717987,0.542154,0.0
6.765489888000047,single_4,60.0,0.8922123136195013,0.98918736,0.5967562,0.0
6.785563968000133,single_4,60.0,0.8168140899333461,0.85866094,0.5575983,0.0
6.805642336000346,single_4,60.0,0.7728317927830891,0.5322566,0.459677,0.0
6.825720160000856,single_4,60.0,0.7728317927830891,-0.6153511,0.11539468,0.0
6.8458043840000755,single_4,60.0,0.7791149780902688,-1.0,0.0,0.0
6.865884992000247,single_4,60.0,0.7822565707438585,-1.0,0.0,0.0
6.885959103999994,single_4,60.0,0.7791149780902688,-1.0,0.0,0.0
6.906038624000757,single_4,60.0,0.7539822368615503,-1.0,0.0,0.01712424693870666
6.926115904000653,single_4,60.0,0.7539822368615503,-0.8718575,0.038442746,0.25376276619627236
6.946203232000698,single_4,60.0,0.5560618996853934,-1.0,0.0,1.974782914923592
6.96627996800089,single_4,60.0,0.25446900494077324,0.61541224,0.4846237,8.05344400894946
6.9863596800005325,single_4,60.0,0.03769911184307752,-1.0,0.0,17.234024696100455
7.006435488000534,single_4,60.0,0.03769911184307752,0.7016363,0.5104909,19.34820922942121
7.026522496000325,single_4,60.0,-0.003141592653589793,0.27091503,0.38127452,11.392759685066041
7.046598560000348,single_4,60.0,0.10681415022205297,0.5541117,0.46623352,3.5204599133231715
7.066691200000605,single_4,60.0,0.28588493147667116,0.5457489,0.4637247,0.5698166409418861
7.086767520000649,single_4,60.0,0.4900884539600077,0.6198833,0.485965,0.04845354630877727
7.106852128000355,single_4,60.0,0.4900884539600077,0.58441895,0.47532573,0.0
7.126928352000505,single_4,60.0,0.5811946409141117,0.6469303,0.49407908,0.0
7.147012576000634,single_4,60.0,0.7068583470577035,0.60645056,0.48193517,0.0
7.167105984000045,single_4,60.0,0.8513716091228339,0.6615199,0.49845597,0.0
7.187172448000638,single_4,60.0,0.8513716091228339,0.63273466,0.48982042,0.0
7.207257600000048,single_4,60.0,0.9676105373056563,0.66257155,0.4987715,0.0
7.227324448000218,single_4,60.0,1.077566280181299,0.6493305,0.49479917,0.0
7.2473913920002815,single_4,60.0,1.1498229112138643,0.6581522,0.49744567,0.0
7.267466080000304,single_4,60.0,1.184380430403352,0.65692425,0.4970773,0.0
7.287539744000242,single_4,60.0,1.184380430403352,0.6475452,0.4942636,0.0
7.307614304000708,single_4,60.0,1.184380430403352,0.6472697,0.49418095,0.0
7.327689312000075,single_4,60.0,1.168672467135403,0.63264143,0.48979244,0.0
7.347763808000309,single_4,60.0,1.152964503867454,0.6271323,0.48813972,0.0
7.367839328000628,single_4,60.0,1.137256540599505,0.615252,0.48457563,0.0
7.387915008000164,single_4,60.0,1.137256540599505,0.60352093,0.48105627,0.0
7.407990656000038,single_4,60.0,1.1309733552923256,0.5988693,0.4796608,0.0
7.42806646400004,single_4,60.0,1.1341149479459154,0.58175886,0.4745277,0.0
7.448154240000804,single_4,60.0,1.1341149479459154,0.5891179,0.47673538,0.0
7.468229312000403,single_4,60.0,1.1341149479459154,0.59528285,0.47858486,0.0
7.488306688000193,single_4,60.0,1.1341149479459154,0.6967299,0.509019,0.0
7.508379840000089,single_4,60.0,1.1341149479459154,0.8251256,0.5475377,0.0
7.5284567360004075,single_4,60.0,1.1341149479459154,0.9328952,0.57986856,0.0
7.548530464000578,single_4,60.0,1.1341149479459154,0.92051065,0.5761532,0.0
7.568609696000749,single_4,60.0,1.1341149479459154,0.6726177,0.50178534,0.0
7.588689952000095,single_4,60.0,1.1341149479459154,0.23029774,0.36908937,0.0
7.608780640000077,single_4,60.0,1.1341149479459154,-0.1436001,0.25691998,0.0
7.628856896000798,single_4,60.0,1.1341149479459154,-0.3129736,0.20610793,0.0
7.648935616000017,single_4,60.0,1.1341149479459154,-0.039720528,0.28808385,0.0
7.6690103040000395,single_4,60.0,1.1341149479459154,0.4559176,0.4367753,0.0
7.689083424000273,single_4,60.0,1.1152653920243765,0.8771554,0.56314665,0.0
7.709157024000888,single_4,60.0,1.033583983031042,0.6251664,0.48754993,0.0
7.729231424000318,single_4,60.0,0.9173450548482195,0.6972511,0.50917536,0.0
7.749304576000213,single_4,60.0,0.9173450548482195,0.8712667,0.56138,0.0
7.769377824000003,single_4,60.0,0.8011061266653973,0.9965968,0.59897906,0.0
7.789451168000596,single_4,60.0,0.7162831250184728,0.76382035,0.52914613,0.0
7.809527520000302,single_4,60.0,0.7194247176720626,0.16778725,0.3503362,0.0
7.829611424000177,single_4,60.0,0.7634070148223197,-0.96836,0.009491999,0.0
7.8496872320001785,single_4,60.0,0.7634070148223197,-1.0,0.0,0.0
7.8697670400006245,single_4,60.0,0.7885397560510381,-1.0,0.0,0.0
7.889843904000372,single_4,60.0,0.7822565707438585,-1.0,0.0,0.0
7.909917855999993,single_4,60.0,0.7099999397112933,-1.0,0.0,0.030315326764175213
7.9299949120004385,single_4,60.0,0.7099999397112933,0.36230004,0.40869004,0.3965958197744872
7.950069088000419,single_4,60.0,0.48380526865282814,-1.0,0.0,2.7216967611497678
7.9701464000008855,single_4,60.0,0.1382300767579509,0.72116995,0.516351,9.803528062117238
7.990220192000379,single_4,60.0,0.003141592653589793,-1.0,0.0,18.526767124087073
8.010298688000148,single_4,60.0,0.0879645943005142,0.7574442,0.52723324,18.37299445680937
8.030372832000467,single_4,60.0,0.0879645943005142,0.30948392,0.39284518,9.5613137060293
8.050450912000088,single_4,60.0,0.2670353755551324,0.5666336,0.4699901,2.6103822230917957
8.070529408000766,single_4,60.0,0.4806636759992383,0.56631607,0.46989486,0.3738929917596959
8.090607296000599,single_4,60.0,0.6503096792930871,0.6336106,0.4900832,0.0280992217915146
8.11068150400024,single_4,60.0,0.6503096792930871,0.6133143,0.4839943,0.0
8.130759136000052,single_4,60.0,0.804247719318987,0.6648802,0.4994641,0.0
8.15082483200058,single_4,60.0,0.91106186954104,0.64530027,0.4935901,0.0
8.170899808000286,single_4,60.0,1.0115928344559135,0.6753118,0.5025936,0.0
8.190981120000288,single_4,60.0,1.0964158361028378,0.6690173,0.50070524,0.0
8.21105968000029,single_4,60.0,1.0964158361028378,0.6729115,0.5018735,0.0
8.2311318080001,single_4,60.0,1.1466813185602747,0.6719402,0.5015821,0.0
8.251206944000842,single_4,60.0,1.1655308744818134,0.66260314,0.49878097,0.0
8.271279200000208,single_4,60.0,1.1623892818282233,0.6634791,0.49904373,0.0
8.291351712000505,single_4,60.0,1.152964503867454,0.6480777,0.49442333,0.0
8.311424288000126,single_4,60.0,1.152964503867454,0.64532006,0.49359605,0.0
8.331497088000106,single_4,60.0,1.1435397259066846,0.6305579,0.4891674,0.0
8.35157091200017,single_4,60.0,1.1466813185602747,0.6237,0.48711002,0.0
8.371639392000361,single_4,60.0,1.1435397259066846,0.6134094,0.48402283,0.0
8.391714208000849,single_4,60.0,1.1435397259066846,0.6016431,0.48049295,0.0
8.41178908800066,single_4,60.0,1.1435397259066846,0.59782064,0.47934622,0.0
8.431857216000026,single_4,60.0,1.1435397259066846,0.5812144,0.47436434,0.0
8.451934080000683,single_4,60.0,1.1435397259066846,0.5907345,0.47722036,0.0
8.472006464000515,single_4,60.0,1.1435397259066846,0.60750663,0.482252,0.0
8.492079552000178,single_4,60.0,1.1435397259066846,0.7191519,0.51574564,0.0
8.512155008000263,single_4,60.0,1.1435397259066846,0.8559154,0.5567747,0.0
8.532229984000878,single_4,60.0,1.1435397259066846,0.9372982,0.58118945,0.0
8.55230534400016,single_4,60.0,1.1435397259066846,0.90686095,0.5720583,0.0
8.572378976000437,single_4,60.0,1.1435397259066846,0.5973648,0.47920945,0.0
8.592453728000692,single_4,60.0,1.1435397259066846,0.09715143,0.32914543,0.0
8.612527584000418,single_4,60.0,1.1435397259066846,-0.19886018,0.24034196,0.0
8.632602336000673,single_4,60.0,1.1435397259066846,-0.3062097,0.20813711,0.0
8.652682208000442,single_4,60.0,1.1435397259066846,0.12674439,0.33802333,0.0
8.672757312000613,single_4,60.0,1.1435397259066846,0.4630952,0.43892857,0.0
8.692832928000826,single_4,60.0,1.1278317626387357,0.7795378,0.53386134,0.0
8.712909792000573,single_4,60.0,1.0398671683382215,0.6249366,0.487481,0.0
8.73298707200047,single_4,60.0,0.9613273519984766,0.679773,0.50393194,0.0
8.753061920000619,single_4,60.0,0.8325220532012951,0.81392014,0.54417604,0.0
8.77313862400024,single_4,60.0,0.8325220532012951,0.97611535,0.59283465,0.0
8.793214848000389,single_4,60.0,0.7476990515543707,0.70435953,0.5113079,0.0
8.813296160000391,single_4,60.0,0.7414158662471911,-0.27453887,0.21763834,0.0
8.833370176000244,single_4,60.0,0.8011061266653973,-1.0,0.0,0.0
8.853443296000478,single_4,60.0,0.8011061266653973,-1.0,0.0,0.0
8.873516480000035,single_4,60.0,0.8796459430051421,-1.0,0.0,0.0
8.893590944000607,single_4,60.0,0.8765043503515523,-1.0,0.0,0.0
8.913665376000608,single_4,60.0,0.7602654221687298,-1.0,0.0,0.05144708026257598
8.93373980800061,single_4,60.0,0.47752208334564855,0.5113343,0.4534003,0.5965464548197468
8.953817536000315,single_4,60.0,0.47752208334564855,-1.0,0.0,3.630884522442011
8.973893600000338,single_4,60.0,0.20734511513692633,0.7380841,0.52142525,11.594107290010802
8.993968640000276,single_4,60.0,0.06911503837897545,-0.9626949,0.011191536,19.426350755464355
9.014044032000129,single_4,60.0,0.10367255756846316,0.77652395,0.5329572,17.08061860331884
9.034119232000194,single_4,60.0,0.10367255756846316,0.3443418,0.40330255,7.880841438681081
9.054193824000322,single_4,60.0,0.26389378290154264,0.559554,0.4678662,1.908191291750887
9.07426864000081,single_4,60.0,0.4680973053848792,0.5681206,0.4704362,0.24245662841391155
9.09434486400005,single_4,60.0,0.6942919764433443,0.6396457,0.49189374,0.016163002950687743
9.114420704000622,single_4,60.0,0.8293804605477053,0.62714195,0.4881426,0.0
9.134494400000222,single_4,60.0,0.8293804605477053,0.6717458,0.50152373,0.0
9.154568352000751,single_4,60.0,0.9079202768874501,0.651188,0.4953564,0.0
9.174641504000647,single_4,60.0,0.9770353152664256,0.67398286,0.5021949,0.0
9.194716928000162,single_4,60.0,1.046150353645401,0.6663654,0.49990964,0.0
9.214788000000226,single_4,60.0,1.121548577331556,0.67192936,0.5015788,0.0
9.23486297600084,single_4,60.0,1.121548577331556,0.669546,0.50086385,0.0
9.25495932800004,single_4,60.0,1.1592476891746337,0.66131055,0.49839318,0.0
9.275032960000317,single_4,60.0,1.1623892818282233,0.66097796,0.4982934,0.0
9.295108000000255,single_4,60.0,1.1592476891746337,0.64647156,0.49394146,0.0
9.315182016000108,single_4,60.0,1.1592476891746337,0.6436212,0.49308637,0.0
9.335255360000701,single_4,60.0,1.152964503867454,0.62918127,0.4887544,0.0
9.355326848000004,single_4,60.0,1.156106096521044,0.62254834,0.48676452,0.0
9.375400544000513,single_4,60.0,1.156106096521044,0.61240256,0.48372078,0.0
9.395475936000366,single_4,60.0,1.156106096521044,0.6010852,0.48032558,0.0
9.4155490560006,single_4,60.0,1.156106096521044,0.5972508,0.47917527,0.0
9.435622336000051,single_4,60.0,1.156106096521044,0.58145416,0.47443625,0.0
9.455702048000603,single_4,60.0,1.156106096521044,0.5936429,0.4780929,0.0
9.47577772800014,single_4,60.0,1.156106096521044,0.62356305,0.48706892,0.0
9.495850240000436,single_4,60.0,1.156106096521044,0.7423725,0.52271175,0.0
9.51592496000012,single_4,60.0,1.156106096521044,0.87571704,0.5627151,0.0
9.536000384000545,single_4,60.0,1.156106096521044,0.93861127,0.5815834,0.0
9.556074496000292,single_4,60.0,1.156106096521044,0.8842882,0.56528646,0.0
9.576155808000294,single_4,60.0,1.156106096521044,0.5374921,0.46124762,0.0
9.596229472000232,single_4,60.0,1.156106096521044,-0.0014564097,0.2995631,0.0
9.616304608000064,single_4,60.0,1.156106096521044,-0.2546156,0.22361533,0.0
9.636380192000615,single_4,60.0,1.156106096521044,-0.29679394,0.21096183,0.0
9.656455328000447,single_4,60.0,1.156106096521044,0.24168637,0.3725059,0.0
9.676533248000851,single_4,60.0,1.137256540599505,0.575877,0.4727631,0.0
9.696607520000725,single_4,60.0,1.137256540599505,0.7944838,0.53834516,0.0
9.716681376000452,single_4,60.0,1.06185831691335,0.6360897,0.49082693,0.0
9.736757312000009,single_4,60.0,0.9550441666912971,0.6844108,0.5053233,0.0
9.756831904000137,single_4,60.0,0.8450884238156544,0.84194267,0.5525828,0.0
9.776905760000773,single_4,60.0,0.8450884238156544,0.9782163,0.5934649,0.0
9.796980256000097,single_4,60.0,0.7508406442079605,0.68174386,0.50452316,0.0
9.817055744000754,single_4,60.0,0.7476990515543707,-0.43975776,0.16807267,0.0
9.837130304000311,single_4,60.0,0.8262388678941155,-1.0,0.0,0.0
9.857211488000758,single_4,60.0,0.9204866475018093,-1.0,0.0,0.0
9.877287808000801,single_4,60.0,0.9204866475018093,-1.0,0.0,0.0
9.897365088000697,single_4,60.0,0.9330530181161686,-1.0,0.0,0.0
9.917439392000233,single_4,60.0,0.7696902001294994,-1.0,0.0,0.0856684281350262
9.93751440000051,single_4,60.0,0.4869468613064179,0.52445287,0.4573359,0.880004821732792
9.957588640000722,single_4,60.0,0.4869468613064179,-1.0,0.0,4.74339682104389
9.977663168000618,single_4,60.0,0.24504422698000386,0.7580704,0.5274212,13.41783809131641
9.997737664000852,single_4,60.0,0.13508848410436108,-0.889673,0.0330981,19.91827679651555
10.017812544000662,single_4,60.0,0.12252211349000193,0.7931001,0.5379301,15.516483252660239
10.037887456000135,single_4,60.0,0.27960174616949157,0.3872248,0.41616747,6.343082289366938
10.057961888000136,single_4,60.0,0.27960174616949157,0.5670768,0.47012305,1.3607933906406684
10.078037600000243,single_4,60.0,0.5057964172279568,0.5724659,0.4717398,0.15317697334877703
10.098113248000118,single_4,60.0,0.6063273821428301,0.6398425,0.49195278,0.009047785268320266
10.118189376000373,single_4,60.0,0.6942919764433443,0.61327076,0.48398125,0.0
10.138263648000247,single_4,60.0,0.819955682586936,0.6656815,0.49970445,0.0
10.158336864000375,single_4,60.0,0.819955682586936,0.639102,0.4917306,0.0
10.178410528000313,single_4,60.0,0.9173450548482195,0.6707276,0.5012183,0.0
10.198485408000124,single_4,60.0,1.0084512418023237,0.65400326,0.496201,0.0
10.218560736000654,single_4,60.0,1.0744246875277093,0.6669409,0.5000823,0.0
10.238628288000655,single_4,60.0,1.0744246875277093,0.6591176,0.4977353,0.0
10.25870304,single_4,60.0,1.1435397259066846,0.65688145,0.49706444,0.0
10.278778432000763,single_4,60.0,1.184380430403352,0.65549046,0.49664715,0.0
10.298851904000003,single_4,60.0,1.1875220230569417,0.64348155,0.49304447,0.0
10.318929856000068,single_4,60.0,1.181238837749762,0.6425452,0.49276358,0.0
10.33900476800045,single_4,60.0,1.181238837749762,0.6280861,0.48842585,0.0
10.359078816000874,single_4,60.0,1.1655308744818134,0.622258,0.4866774,0.0
10.379152128000896,single_4,60.0,1.1623892818282233,0.6114943,0.4834483,0.0
10.39922227200077,single_4,60.0,1.1623892818282233,0.60010177,0.48003054,0.0
10.419295168000644,single_4,60.0,1.1623892818282233,0.59643376,0.47893015,0.0
10.439369984000223,single_4,60.0,1.1623892818282233,0.5810251,0.47430757,0.0
10.459444608000013,single_4,60.0,1.1623892818282233,0.59733987,0.47920197,0.0
10.479518432000077,single_4,60.0,1.1623892818282233,0.64198136,0.49259442,0.0
10.499592160000248,single_4,60.0,1.1623892818282233,0.7703784,0.5311135,0.0
10.51966752000044,single_4,60.0,1.1623892818282233,0.90208113,0.57062435,0.0
10.53974924800059,single_4,60.0,1.1623892818282233,0.9367925,0.58103776,0.0
10.559825792000083,single_4,60.0,1.1623892818282233,0.85239494,0.5557185,0.0
10.579901088000042,single_4,60.0,1.1623892818282233,0.48275137,0.44482544,0.0
10.599975872000869,single_4,60.0,1.1623892818282233,-0.0596682,0.28209955,0.0
10.620050592000553,single_4,60.0,1.1623892818282233,-0.30108094,0.20967573,0.0
10.640130720000343,single_4,60.0,1.1623892818282233,-0.27167776,0.2184967,0.0
10.660205568000492,single_4,60.0,1.1623892818282233,0.31809947,0.39542988,0.0
10.680280928000684,single_4,60.0,1.152964503867454,0.70776415,0.5123293,0.0
10.700355200000558,single_4,60.0,1.152964503867454,0.6406138,0.49218416,0.0
10.720440352000878,single_4,60.0,1.0712830948741194,0.69813985,0.509442,0.0
10.740513952000583,single_4,60.0,0.9801769079200154,0.73001665,0.51900506,0.0
10.76058921600088,single_4,60.0,0.8639379797371931,0.9847611,0.59542835,0.0
10.780664448000607,single_4,60.0,0.7728317927830891,0.9682435,0.59047306,0.0
10.800736832000439,single_4,60.0,0.7728317927830891,0.6636912,0.4991074,0.0
10.820812672000102,single_4,60.0,0.7351326809400116,-0.49136126,0.15259163,0.0
10.840888224000082,single_4,60.0,0.744557458900781,-1.0,0.0,0.0
10.860973216000275,single_4,60.0,0.7508406442079605,-1.0,0.0,0.0
10.881062016000214,single_4,60.0,0.7508406442079605,-1.0,0.0,0.0
10.901138880000872,single_4,60.0,0.7414158662471911,-1.0,0.0,0.00804194295086082
10.921213440000429,single_4,60.0,0.7037167544041136,-1.0,0.0,0.13943937559905337
10.941292416000579,single_4,60.0,0.4806636759992383,0.51592755,0.45477828,1.2693030093903737
10.961366752000686,single_4,60.0,0.1916371518689774,-1.0,0.0,6.060001167710894
10.98144054400018,single_4,60.0,0.1916371518689774,0.78817284,0.5364519,15.182896255621653
11.001513952000096,single_4,60.0,0.0439822971502571,-0.6127235,0.116182946,19.963360791297283
11.021588160000647,single_4,60.0,0.09424777960769379,0.78314126,0.5349424,13.775523415095169
11.041667104000226,single_4,60.0,0.273318560862312,0.41352904,0.42405874,4.986898776783933
11.061741216000883,single_4,60.0,0.4649557127312894,0.6500566,0.495017,0.9475742991977243
11.081815616000313,single_4,60.0,0.4649557127312894,0.6075094,0.48225284,0.09448598676734034
11.101902208000865,single_4,60.0,0.6283185307179586,0.6120473,0.4836142,0.0
11.121977728000275,single_4,60.0,0.728849495632832,0.65889585,0.49766877,0.0
11.14205958400089,single_4,60.0,0.8325220532012951,0.63501775,0.49050534,0.0
11.1621262080007,single_4,60.0,0.8325220532012951,0.67005265,0.50101584,0.0
11.18220448000011,single_4,60.0,0.9330530181161686,0.64865315,0.49459597,0.0
11.20228483200026,single_4,60.0,1.0210176124166828,0.66881907,0.50064576,0.0
11.222364864000156,single_4,60.0,1.1026990214100174,0.66053975,0.49816194,0.0
11.242441344000326,single_4,60.0,1.156106096521044,0.6624247,0.4987274,0.0
11.262508224000157,single_4,60.0,1.156106096521044,0.6609155,0.49827465,0.0
11.282587168000646,single_4,60.0,1.1780972450961724,0.6501472,0.49504417,0.0
11.30266304000088,single_4,60.0,1.1749556524425826,0.6490518,0.49471554,0.0
11.322741536000649,single_4,60.0,1.1718140597889928,0.6344556,0.49033672,0.0
11.342819072000566,single_4,60.0,1.1718140597889928,0.6303222,0.48909667,0.0
11.362897056000293,single_4,60.0,1.1718140597889928,0.61802787,0.4854084,0.0
11.382966656000463,single_4,60.0,1.1718140597889928,0.60944116,0.48283237,0.0
11.403043648000676,single_4,60.0,1.1718140597889928,0.6025962,0.4807789,0.0
11.423134464000213,single_4,60.0,1.1718140597889928,0.5889003,0.47667012,0.0
11.44321452800068,single_4,60.0,1.1718140597889928,0.591444,0.47743323,0.0
11.463286112000787,single_4,60.0,1.1718140597889928,0.59089804,0.47726944,0.0
11.483358400000725,single_4,60.0,1.1718140597889928,0.67181623,0.5015449,0.0
11.503430688000662,single_4,60.0,1.1718140597889928,0.79363215,0.5380897,0.0
11.523507936000897,single_4,60.0,1.1718140597889928,0.9165547,0.57496643,0.0
11.543574752000495,single_4,60.0,1.1718140597889928,0.932567,0.57977015,0.0
11.563648640000793,single_4,60.0,1.1718140597889928,0.7900728,0.5370219,0.0
11.583722144000603,single_4,60.0,1.1718140597889928,0.4125955,0.42377868,0.0
11.603796832000626,single_4,60.0,1.1718140597889928,-0.10810747,0.26756778,0.0
11.623872192000817,single_4,60.0,1.1718140597889928,-0.32380998,0.20285702,0.0
11.643947520000438,single_4,60.0,1.1718140597889928,-0.20814349,0.23755696,0.0
11.6640206080001,single_4,60.0,1.1718140597889928,0.37442255,0.41232678,0.0
11.684104864000801,single_4,60.0,1.1655308744818134,0.79986274,0.53995883,0.0
11.704181120000612,single_4,60.0,1.1026990214100174,0.621123,0.48633695,0.0
11.724256192000212,single_4,60.0,1.1026990214100174,0.6995221,0.50985664,0.0
11.744330624000213,single_4,60.0,0.9958848711879643,0.7581348,0.5274405,0.0
11.764407808000215,single_4,60.0,0.9204866475018093,1.0,0.6,0.0
11.784485216000576,single_4,60.0,0.819955682586936,0.89097726,0.5672932,0.0
11.804560800000218,single_4,60.0,0.819955682586936,0.58459854,0.4753796,0.0
11.824635904000388,single_4,60.0,0.7696902001294994,-0.5604414,0.13186759,0.0
11.844711392000136,single_4,60.0,0.7728317927830891,-1.0,0.0,0.0
11.864786528000877,single_4,60.0,0.7791149780902688,-1.0,0.0,0.0
11.884862016000625,single_4,60.0,0.7728317927830891,-1.0,0.0,0.0
11.904935904000013,single_4,60.0,0.7728317927830891,-1.0,0.0,0.014494100055517371
11.92501001600067,single_4,60.0,0.7257079029792421,-1.0,0.0,0.2224471159785167
11.945084864000819,single_4,60.0,0.5215043804959056,-1.0,0.0,1.791753132367425
11.965160224000101,single_4,60.0,0.1947787445225672,0.51338184,0.45401457,7.573719393768803
11.98523596800078,single_4,60.0,0.03141592653589793,-1.0,0.0,16.79953085723614
12.005311328000062,single_4,60.0,0.03141592653589793,0.67589664,0.502769,19.553691838645154
12.025378656000612,single_4,60.0,-0.00942477796076938,0.2501213,0.37503642,11.946894011476733
12.045452128000761,single_4,60.0,0.10053096491487337,0.73049986,0.51914996,3.8305772954479957
12.06554182400032,single_4,60.0,0.3078760800517997,0.53428006,0.46028402,0.6434877548705825
12.085616416000448,single_4,60.0,0.3078760800517997,0.6059791,0.48179373,0.05678947456075541
12.105701024000155,single_4,60.0,0.47752208334564855,0.6291214,0.48873645,0.0
12.125776352000685,single_4,60.0,0.6031857894892403,0.5970551,0.47911653,0.0
12.145851616000073,single_4,60.0,0.728849495632832,0.6564584,0.49693754,0.0
12.171068064000792,single_4,60.0,0.728849495632832,0.6178181,0.48534545,0.0
12.19650700800048,single_4,60.0,0.9801769079200154,0.66090035,0.49827012,0.0
12.216665984000429,single_4,60.0,1.0901326507956584,0.6473743,0.4942123,0.0
12.23674819200005,single_4,60.0,1.0901326507956584,0.6603514,0.49810544,0.0
12.256828288000179,single_4,60.0,1.1780972450961724,0.65748185,0.4972446,0.0
12.2769347200001,single_4,60.0,1.2189379495928399,0.65165067,0.49549523,0.0
12.297006592000798,single_4,60.0,1.2220795422464295,0.65374416,0.49612328,0.0
12.317100416000358,single_4,60.0,1.2220795422464295,0.6380844,0.49142534,0.0
12.33717532800074,single_4,60.0,1.2032299863248908,0.6373656,0.4912097,0.0
12.357250368000678,single_4,60.0,1.184380430403352,0.6217072,0.48651218,0.0
12.377320416000657,single_4,60.0,1.168672467135403,0.61436224,0.4843087,0.0
12.397405440000512,single_4,60.0,1.1623892818282233,0.6050868,0.48152605,0.0
12.417491776000134,single_4,60.0,1.1623892818282233,0.5913979,0.47741938,0.0
12.43756448000022,single_4,60.0,1.1623892818282233,0.5917261,0.47751784,0.0
12.457661888000075,single_4,60.0,1.1655308744818134,0.583597,0.4750791,0.0
12.477747936000014,single_4,60.0,1.1655308744818134,0.64393175,0.49317953,0.0
12.497822560000714,single_4,60.0,1.1655308744818134,0.75641763,0.5269253,0.0
12.517901408000398,single_4,60.0,1.1655308744818134,0.8822435,0.56467307,0.0
12.537989056000697,single_4,60.0,1.1655308744818134,0.93856263,0.58156884,0.0
12.558078944000044,single_4,60.0,1.1623892818282233,0.86447227,0.5593417,0.0
12.578155200000765,single_4,60.0,1.1623892818282233,0.5080116,0.4524035,0.0
12.598232256000301,single_4,60.0,1.1623892818282233,-0.034857027,0.2895429,0.0
12.618342208000286,single_4,60.0,1.1655308744818134,-0.28174424,0.21547674,0.0
12.638420672000393,single_4,60.0,1.1655308744818134,-0.28666958,0.21399912,0.0
12.658499392000522,single_4,60.0,1.1623892818282233,0.28657058,0.3859712,0.0
12.678577600000608,single_4,60.0,1.140398133253095,0.6481116,0.4944335,0.0
12.698654752000039,single_4,60.0,1.140398133253095,0.79513586,0.5385408,0.0
12.718736096000612,single_4,60.0,1.0367255756846316,0.64364153,0.49309245,0.0
12.73881024000002,single_4,60.0,0.9519025740377073,0.68942463,0.5068274,0.0
12.75889494400053,single_4,60.0,0.8607963870836033,0.858094,0.55742824,0.0
12.778963424000722,single_4,60.0,0.8607963870836033,0.97297776,0.5918934,0.0
12.799046400000407,single_4,60.0,0.7948229413582176,0.6716482,0.5014945,0.0
12.819129184000303,single_4,60.0,0.7916813487046279,-0.47270373,0.1581889,0.0
12.83919552000043,single_4,60.0,0.8419468311620645,-1.0,0.0,0.0
12.859278016000644,single_4,60.0,0.895353906273091,-1.0,0.0,0.0
12.879352128000392,single_4,60.0,0.895353906273091,-1.0,0.0,0.0
12.899443040000733,single_4,60.0,0.8765043503515523,-1.0,0.0,0.0
12.919520064000608,single_4,60.0,0.7634070148223197,-1.0,0.0,0.11237836916215882
12.939605152000695,single_4,60.0,0.4743804906920588,0.5221324,0.45663974,1.0808006852304537
12.959772416000305,single_4,60.0,0.22933626371205487,-1.0,0.0,5.4801115795917195
12.984335200000714,single_4,60.0,0.22933626371205487,0.79385394,0.5381562,16.4351692686134
13.004425792000802,single_4,60.0,0.0973893722612836,-0.57851267,0.1264462,19.68904058944308
13.024475968000843,single_4,60.0,0.10995574287564276,0.7882652,0.5364796,12.38484894045751
13.044562400000359,single_4,60.0,0.30473448739820996,0.42875606,0.4286268,4.084038300821794
13.064638848000868,single_4,60.0,0.3989822670059037,0.5823872,0.4747162,0.706938034120508
13.084746592000556,single_4,60.0,0.3989822670059037,0.57498693,0.4724961,0.06393709235225094
13.104817856000409,single_4,60.0,0.4900884539600077,0.63267237,0.4898017,0.0
13.124887904000389,single_4,60.0,0.5937610115284708,0.5961419,0.47884256,0.0
13.144953152000198,single_4,60.0,0.7005751617505239,0.6550071,0.49650216,0.0
13.165029376000348,single_4,60.0,0.8419468311620645,0.6226562,0.4867969,0.0
13.185103744000116,single_4,60.0,0.8419468311620645,0.6630609,0.4989183,0.0
13.205182400000012,single_4,60.0,0.9676105373056563,0.64073354,0.49222007,0.0
13.225256575999992,single_4,60.0,1.108982206717197,0.6621672,0.49865016,0.0
13.245335552000142,single_4,60.0,1.2126547642856602,0.660071,0.49802133,0.0
13.265409120000186,single_4,60.0,1.2126547642856602,0.65581226,0.4967437,0.0
13.285486688000674,single_4,60.0,1.2786282100110458,0.6609224,0.49827674,0.0
13.305579136000233,single_4,60.0,1.2817698026646356,0.6440377,0.49321133,0.0
13.32565712000087,single_4,60.0,1.2629202467430969,0.6492127,0.49476382,0.0
13.34573449600066,single_4,60.0,1.228362727553609,0.62870693,0.4886121,0.0
13.36583062400041,single_4,60.0,1.228362727553609,0.62764406,0.48829323,0.0
13.385905408000326,single_4,60.0,1.1906636157105317,0.6120998,0.48362997,0.0
13.405978144000073,single_4,60.0,1.1655308744818134,0.60235775,0.48070735,0.0
13.426054656000815,single_4,60.0,1.1592476891746337,0.59615123,0.4788454,0.0
13.446127359999991,single_4,60.0,1.1592476891746337,0.5824881,0.47474644,0.0
13.466205088000606,single_4,60.0,1.1623892818282233,0.6085298,0.48255897,0.0
13.486278368000058,single_4,60.0,1.1655308744818134,0.68280876,0.50484264,0.0
13.506362528000864,single_4,60.0,1.1655308744818134,0.8205079,0.5461524,0.0
13.526453824000782,single_4,60.0,1.1655308744818134,0.93037975,0.57911396,0.0
13.546547232000194,single_4,60.0,1.1655308744818134,0.9256315,0.57768947,0.0
13.566620960000364,single_4,60.0,1.1623892818282233,0.7303114,0.51909345,0.0
13.586697600000662,single_4,60.0,1.1623892818282233,0.317016,0.39510483,0.0
13.606771008000578,single_4,60.0,1.1655308744818134,-0.119308725,0.2642074,0.0
13.626908992000608,single_4,60.0,1.1655308744818134,-0.31506255,0.20548125,0.0
13.646953536000183,single_4,60.0,1.1655308744818134,-0.11240453,0.26627865,0.0
13.667048160000377,single_4,60.0,1.1655308744818134,0.42083234,0.42624974,0.0
13.687120608000441,single_4,60.0,1.152964503867454,0.8501903,0.5550571,0.0
13.707198144000358,single_4,60.0,1.093274243449248,0.620919,0.4862757,0.0
13.727273760000571,single_4,60.0,1.093274243449248,0.69291794,0.5078754,0.0
13.747357600000214,single_4,60.0,0.9927432785343746,0.8389766,0.551693,0.0
13.767450816000746,single_4,60.0,0.8922123136195013,0.99151766,0.5974553,0.0
13.787539872000707,single_4,60.0,0.8136724972797564,0.7979822,0.5393947,0.0
13.807617216000835,single_4,60.0,0.7979645340118074,0.33993667,0.40198103,0.0
13.827696480000668,single_4,60.0,0.7979645340118074,-0.79724777,0.060825672,0.0
13.84843644800003,single_4,60.0,0.8073893119725768,-1.0,0.0,0.0
13.868514144000073,single_4,60.0,0.804247719318987,-1.0,0.0,0.0
13.888588096000603,single_4,60.0,0.804247719318987,-1.0,0.0,0.0
13.90866035200088,single_4,60.0,0.804247719318987,-1.0,0.0,0.02525798934187233
13.928739264000797,single_4,60.0,0.7476990515543707,0.13733315,0.34119996,0.34412795706328203
13.948822784000185,single_4,60.0,0.5215043804959056,-1.0,0.0,2.460701134994046
13.968890592000207,single_4,60.0,0.18849555921538758,0.7029562,0.5108869,9.221115900573984
13.988952736000101,single_4,60.0,0.03769911184307752,-1.0,0.0,18.139622607760366
14.009022368000842,single_4,60.0,0.03769911184307752,0.7396486,0.5218946,18.73905360273069
14.02909993600042,single_4,60.0,0.05969026041820607,0.30585235,0.39175573,10.15826087086717
14.049166112000421,single_4,60.0,0.24504422698000386,0.56382406,0.46914724,2.891822765934764
14.069237440000506,single_4,60.0,0.49951323192077707,0.5661286,0.4698386,0.43200150596889453
14.089313504000529,single_4,60.0,0.6471680866394973,0.6356859,0.4907058,0.033850912462601725
14.10939068800053,single_4,60.0,0.6471680866394973,0.6125767,0.48377302,0.0
14.129463872000088,single_4,60.0,0.7476990515543707,0.6611666,0.49835002,0.0
14.149541920000047,single_4,60.0,0.8419468311620645,0.63763785,0.49129137,0.0
14.169620224000028,single_4,60.0,0.9456193887305278,0.67152035,0.50145614,0.0
14.189692992000346,single_4,60.0,0.9456193887305278,0.6566702,0.49700108,0.0
14.209772224000517,single_4,60.0,1.0712830948741194,0.67116046,0.50134814,0.0
14.229848416000095,single_4,60.0,1.1309733552923256,0.6655891,0.49967673,0.0
14.249943168000755,single_4,60.0,1.1655308744818134,0.6617597,0.4985279,0.0
14.270020928000122,single_4,60.0,1.1780972450961724,0.66235995,0.498708,0.0
14.290095456000017,single_4,60.0,1.1780972450961724,0.64822173,0.49446654,0.0
14.310172704000252,single_4,60.0,1.1749556524425826,0.6477033,0.494311,0.0
14.330267296000784,single_4,60.0,1.1718140597889928,0.63191575,0.48957476,0.0
14.350345152000045,single_4,60.0,1.1749556524425826,0.6279448,0.48838347,0.0
14.370418944000448,single_4,60.0,1.1749556524425826,0.6155124,0.48465374,0.0
14.390496640000492,single_4,60.0,1.1749556524425826,0.60708857,0.4821266,0.0
14.410570464000557,single_4,60.0,1.1749556524425826,0.6004528,0.48013586,0.0
14.4306696320009,single_4,60.0,1.1749556524425826,0.58726645,0.47617996,0.0
14.450740512000266,single_4,60.0,1.1749556524425826,0.5929748,0.47789246,0.0
14.470815104000394,single_4,60.0,1.1749556524425826,0.6095249,0.4828575,0.0
14.490891520000332,single_4,60.0,1.1749556524425826,0.71426916,0.5142808,0.0
14.510987584000759,single_4,60.0,1.1749556524425826,0.85020554,0.5550617,0.0
14.531148352000855,single_4,60.0,1.1749556524425826,0.93660104,0.58098036,0.0
14.551224896000349,single_4,60.0,1.1749556524425826,0.91198313,0.573595,0.0
14.571304704000795,single_4,60.0,1.1749556524425826,0.6183911,0.48551732,0.0
14.59138492800048,single_4,60.0,1.1749556524425826,0.13911796,0.3417354,0.0
14.611459872000523,single_4,60.0,1.1749556524425826,-0.18352397,0.24494283,0.0
14.631563552000443,single_4,60.0,1.1749556524425826,-0.30860144,0.20741957,0.0
14.652291904000776,single_4,60.0,1.1749556524425826,0.10835883,0.33250767,0.0
14.672371168000609,single_4,60.0,1.1749556524425826,0.45035803,0.43510744,0.0
14.692454080000061,single_4,60.0,1.1435397259066846,0.774727,0.53241813,0.0
14.712536640000508,single_4,60.0,1.0304423903774522,0.62272596,0.4868178,0.0
14.732690112000455,single_4,60.0,0.9487609813841176,0.6795631,0.50386894,0.0
14.752772960000584,single_4,60.0,0.9487609813841176,0.81535566,0.54460675,0.0
14.77286761600044,single_4,60.0,0.8230972752405258,0.9725348,0.59176046,0.0
14.792947584000103,single_4,60.0,0.7539822368615503,0.7071358,0.51214075,0.0
14.813022560000718,single_4,60.0,0.7539822368615503,-0.25431532,0.22370541,0.0
14.833115680000446,single_4,60.0,0.8011061266653973,-1.0,0.0,0.0
14.853207968000788,single_4,60.0,0.8011061266653973,-1.0,0.0,0.0
14.87329292800041,single_4,60.0,0.8419468311620645,-1.0,0.0,0.0
14.89337558400075,single_4,60.0,0.8262388678941155,-1.0,0.0,0.0
14.913466784000775,single_4,60.0,0.6848671984825749,-1.0,0.0,0.05005335695807035
14.933549472000777,single_4,60.0,0.6848671984825749,0.49210364,0.4476311,0.5846126057245843
14.95364979200076,single_4,60.0,0.37699111843077515,-1.0,0.0,3.5860770034093843
14.973737856000298,single_4,60.0,0.10681415022205297,0.74983954,0.5249519,11.518703523655303
14.993817728000067,single_4,60.0,-0.0,-0.9686914,0.009392578,19.397726798895796
15.013907904000007,single_4,60.0,0.050265482457436686,0.78430086,0.53529024,17.132691784632804
15.033994336000433,single_4,60.0,0.050265482457436686,0.3421026,0.40263078,7.934658925222788
15.054093536000437,single_4,60.0,0.1759291886010284,0.5482122,0.46446368,1.9248417641692404
15.074173376000545,single_4,60.0,0.29216811678385074,0.55976903,0.46793073,0.24521510052327347
15.094253728000695,single_4,60.0,0.38641589639154456,0.6097532,0.48292595,0.016386787320224798
15.114335872000083,single_4,60.0,0.38641589639154456,0.5894247,0.47682744,0.0
15.134416192000572,single_4,60.0,0.43982297150257105,0.63439906,0.49031973,0.0
15.154512032000639,single_4,60.0,0.4492477494633404,0.60186076,0.48055825,0.0
15.174599552000473,single_4,60.0,0.41469023027385266,0.6347953,0.4904386,0.0
15.194687936000264,single_4,60.0,0.35499996985564664,0.59611577,0.47883478,0.0
15.214768032000393,single_4,60.0,0.35499996985564664,0.6184276,0.48552826,0.0
15.234843904000627,single_4,60.0,0.2513274122871834,0.5753449,0.4726035,0.0
15.254964640000253,single_4,60.0,0.12880529879718153,0.58783233,0.4763497,0.0
15.275040096000339,single_4,60.0,-0.012566370614359171,0.52838665,0.458516,0.0
15.295118976000595,single_4,60.0,-0.07853981633974483,0.5382486,0.46147457,0.0
15.315192960000786,single_4,60.0,-0.07853981633974483,0.4849828,0.44549483,0.0
15.335273472000154,single_4,60.0,-0.0439822971502571,0.5081148,0.45243445,0.0
15.355372192000686,single_4,60.0,0.034557519189487726,0.5053749,0.4516125,0.0
15.375454624000668,single_4,60.0,0.0879645943005142,0.5832187,0.47496563,0.0
15.395530720000352,single_4,60.0,0.0879645943005142,0.5196614,0.45589843,0.0
15.415610080000079,single_4,60.0,0.10995574287564276,0.4573419,0.4372026,0.0
15.43568976000006,single_4,60.0,0.0973893722612836,0.50061697,0.45018512,0.0
15.455789056000867,single_4,60.0,0.07853981633974483,0.5299331,0.45897993,0.0
15.475881184000173,single_4,60.0,0.05654866776461627,0.48600113,0.44580036,0.0
15.49596080000083,single_4,60.0,0.05654866776461627,0.6565792,0.49697378,0.0
15.516441216000203,single_4,60.0,0.03141592653589793,0.81815845,0.5454475,0.0
15.536514912000712,single_4,60.0,0.01884955592153876,0.925954,0.5777862,0.0
15.556588992000798,single_4,60.0,0.02199114857512855,0.8263602,0.54790807,0.0
15.57666710400008,single_4,60.0,0.02199114857512855,0.41421533,0.4242646,0.0
15.596741920000568,single_4,60.0,0.03141592653589793,0.0276784,0.30830353,0.0
15.616843328000868,single_4,60.0,0.034557519189487726,-0.16536444,0.25039068,0.0
15.63693260800028,single_4,60.0,0.028274333882308135,-0.20196082,0.23941177,0.0
15.657009504000598,single_4,60.0,0.025132741228718343,0.28610218,0.38583067,0.0
15.67708486400079,single_4,60.0,0.025132741228718343,0.6499555,0.49498668,0.0
15.697176576000857,single_4,60.0,0.025132741228718343,0.7743355,0.53230065,0.0
15.717253024000456,single_4,60.0,0.028274333882308135,0.6559049,0.49677148,0.0
15.737327840000034,single_4,60.0,0.028274333882308135,0.7335496,0.5200649,0.0
15.757411008000417,single_4,60.0,0.025132741228718343,0.8573383,0.5572015,0.0
15.777487168000334,single_4,60.0,0.025132741228718343,0.9718689,0.59156066,0.0
15.797562784000547,single_4,60.0,0.025132741228718343,0.7053849,0.5116155,0.0
15.81764457600002,single_4,60.0,0.025132741228718343,-0.33718443,0.19884469,0.0
15.837723488000847,single_4,60.0,0.025132741228718343,-0.9930524,0.0020842731,0.0
15.857798432000891,single_4,60.0,0.025132741228718343,-1.0,0.0,0.0
15.87787488000049,single_4,60.0,0.025132741228718343,-1.0,0.0,0.0
15.897950112000217,single_4,60.0,0.025132741228718343,-1.0,0.0,0.0
15.918027840000832,single_4,60.0,0.025132741228718343,-1.0,0.0,0.0925676326000703
15.93810515200039,single_4,60.0,0.025132741228718343,0.53352696,0.4600581,0.933284220688899
15.958184320000328,single_4,60.0,0.025132741228718343,-1.0,0.0,4.937659327098201
15.978260064000096,single_4,60.0,0.025132741228718343,0.7818035,0.5345411,13.703241623922818
15.998335552000754,single_4,60.0,0.02199114857512855,-0.80596256,0.058211233,19.955722889743853
16.018412224000713,single_4,60.0,0.02199114857512855,0.79623383,0.5388702,15.249157863027287
16.03849094400084,single_4,60.0,0.02199114857512855,0.35501152,0.40650347,6.113442636633205
16.058566080000674,single_4,60.0,0.02199114857512855,0.5550951,0.46652853,1.28626631499061
16.07864112000061,single_4,60.0,0.02199114857512855,0.53618157,0.4608545,0.14201702553895101
16.098716320000676,single_4,60.0,0.02199114857512855,0.5436159,0.46308476,0.008228124352058774
16.11879744000089,single_4,60.0,0.02199114857512855,0.565492,0.4696476,0.0
16.138873536000574,single_4,60.0,0.02199114857512855,0.57658005,0.47297403,0.0
16.15897046400005,single_4,60.0,0.02199114857512855,0.52566767,0.4577003,0.0
16.179052128000876,single_4,60.0,0.02199114857512855,0.51683474,0.45505044,0.0
16.19912934400054,single_4,60.0,0.02199114857512855,0.6021689,0.4806507,0.0
16.219220864000818,single_4,60.0,0.02199114857512855,0.6064151,0.48192453,0.0
16.239299264000692,single_4,60.0,0.02199114857512855,0.5374274,0.46122825,0.0
16.259377440000208,single_4,60.0,0.02199114857512855,0.5218695,0.45656085,0.0
16.27945644800002,single_4,60.0,0.02199114857512855,0.5289254,0.45867765,0.0
16.299532864000867,single_4,60.0,0.02199114857512855,0.4828171,0.44484517,0.0
16.31961120000051,single_4,60.0,0.02199114857512855,0.55399686,0.46619907,0.0
16.33969251200051,single_4,60.0,0.02199114857512855,0.485184,0.4455552,0.0
16.359771552000893,single_4,60.0,0.02199114857512855,0.4724872,0.44174618,0.0
16.379847584000345,single_4,60.0,0.02199114857512855,0.54478943,0.46343684,0.0
16.399923584000135,single_4,60.0,0.02199114857512855,0.46965623,0.4408969,0.0
16.420000672000242,single_4,60.0,0.02199114857512855,0.45241928,0.4357258,0.0
16.44007827200039,single_4,60.0,0.02199114857512855,0.5408293,0.4622488,0.0
16.460154400000647,single_4,60.0,0.01884955592153876,0.47149605,0.44144884,0.0
16.480244704000143,single_4,60.0,0.01884955592153876,0.5702846,0.4710854,0.0
16.500419808000515,single_4,60.0,0.01884955592153876,0.7614256,0.5284277,0.0
16.52049798400003,single_4,60.0,0.01884955592153876,0.85603523,0.5568106,0.0
16.540573248000328,single_4,60.0,0.01884955592153876,0.93688214,0.58106464,0.0
16.56064838400016,single_4,60.0,0.01884955592153876,0.81451756,0.5443553,0.0
16.58072393600014,single_4,60.0,0.01884955592153876,0.2858941,0.38576826,0.0
16.60079763200065,single_4,60.0,0.01884955592153876,-0.005110204,0.29846695,0.0
16.620872672000587,single_4,60.0,0.01884955592153876,-0.19132358,0.24260293,0.0
16.640950976000568,single_4,60.0,0.01884955592153876,-0.14949244,0.2551523,0.0
16.661035360000824,single_4,60.0,0.01884955592153876,0.371754,0.4115262,0.0
16.68111491200034,single_4,60.0,0.01884955592153876,0.80297154,0.5408915,0.0
16.70118976000049,single_4,60.0,0.01884955592153876,0.6925627,0.5077688,0.0
16.721265984000638,single_4,60.0,0.01884955592153876,0.75301826,0.5259055,0.0
16.74134316800064,single_4,60.0,0.01884955592153876,0.8218391,0.54655176,0.0
16.7614184640006,single_4,60.0,0.01884955592153876,0.98445094,0.5953353,0.0
16.781495136000558,single_4,60.0,0.01884955592153876,0.95968175,0.5879046,0.0
16.801575168000454,single_4,60.0,0.01884955592153876,0.6817524,0.5045258,0.0
16.821650048000265,single_4,60.0,0.01884955592153876,-0.43768737,0.16869378,0.0
16.841731744000754,single_4,60.0,0.01884955592153876,-1.0,0.0,0.0
16.86180720000084,single_4,60.0,0.01884955592153876,-1.0,0.0,0.0
16.881882624000355,single_4,60.0,0.01884955592153876,-1.0,0.0,0.0
16.901958400000694,single_4,60.0,0.01884955592153876,-1.0,0.0,0.009150086091928073
16.922033664000082,single_4,60.0,0.01884955592153876,-0.9030163,0.029095102,0.15454540136460282
16.942110592000063,single_4,60.0,0.01884955592153876,0.4904033,0.447121,1.3699653214198502
16.96219017600015,single_4,60.0,0.01884955592153876,-1.0,0.0,6.372972752310007
16.9822664000003,single_4,60.0,0.01884955592153876,0.8012823,0.5403847,15.551355704505582
17.002345536000576,single_4,60.0,0.01884955592153876,-0.6380081,0.10859757,19.912168798417284
17.022425184000895,single_4,60.0,0.01884955592153876,0.7900397,0.537012,13.37545313652865
17.042501376000473,single_4,60.0,0.01884955592153876,0.3793462,0.41380385,4.714480378685602
17.062578624000707,single_4,60.0,0.01884955592153876,0.61685824,0.4850575,0.8718524554077779
17.082655520000117,single_4,60.0,0.01884955592153876,0.5477195,0.46431586,0.084600448104731
17.10273088000031,single_4,60.0,0.01884955592153876,0.55321085,0.46596327,0.0
17.122807264000585,single_4,60.0,0.01884955592153876,0.51715064,0.4551452,0.0
17.14288272000067,single_4,60.0,0.01884955592153876,0.62549543,0.48764864,0.0
17.16296697600046,single_4,60.0,0.01884955592153876,0.59564626,0.4786939,0.0
17.183045152000886,single_4,60.0,0.01884955592153876,0.5524615,0.46573848,0.0
17.20313129600072,single_4,60.0,0.015707963267948963,0.54804564,0.4644137,0.0
17.223207648000425,single_4,60.0,0.015707963267948963,0.55886793,0.4676604,0.0
17.24328400000013,single_4,60.0,0.015707963267948963,0.4960574,0.44881722,0.0
17.263359616000344,single_4,60.0,0.015707963267948963,0.60247624,0.4807429,0.0
17.283432928000366,single_4,60.0,0.015707963267948963,0.5622923,0.4686877,0.0
17.30351542400058,single_4,60.0,0.015707963267948963,0.4707383,0.4412215,0.0
17.323608416000752,single_4,60.0,0.015707963267948963,0.59098196,0.4772946,0.0
17.343683520000013,single_4,60.0,0.015707963267948963,0.5254662,0.45763987,0.0
17.363770496000143,single_4,60.0,0.015707963267948963,0.45515174,0.43654555,0.0
17.384411872000783,single_4,60.0,0.015707963267948963,0.5836148,0.47508445,0.0
17.404499200000828,single_4,60.0,0.015707963267948963,0.50571275,0.45171383,0.0
17.424584288000005,single_4,60.0,0.015707963267948963,0.44998074,0.43499425,0.0
17.444662592000896,single_4,60.0,0.015707963267948963,0.58379155,0.47513747,0.0
17.46474003200001,single_4,60.0,0.015707963267948963,0.5833858,0.47501576,0.0
17.484819904000688,single_4,60.0,0.015707963267948963,0.5536552,0.46609655,0.0
17.50488592000056,single_4,60.0,0.015707963267948963,0.74288714,0.5228662,0.0
17.52496102400073,single_4,60.0,0.015707963267948963,0.8830204,0.5649061,0.0
17.5450271360005,single_4,60.0,0.015707963267948963,0.9328042,0.5798413,0.0
17.565112160000353,single_4,60.0,0.015707963267948963,0.69344723,0.50803417,0.0
17.58518531200025,single_4,60.0,0.015707963267948963,0.16587737,0.3497632,0.0
17.605263680000462,single_4,60.0,0.015707963267948963,-0.044739977,0.28657803,0.0
17.625336736000463,single_4,60.0,0.015707963267948963,-0.21186213,0.23644136,0.0
17.64541408000059,single_4,60.0,0.015707963267948963,-0.066473395,0.280058,0.0
17.665487584000402,single_4,60.0,0.015707963267948963,0.44349444,0.43304834,0.0
17.685563648000425,single_4,60.0,0.015707963267948963,0.878337,0.5635011,0.0
17.705650016000618,single_4,60.0,0.015707963267948963,0.6578794,0.49736384,0.0
17.725729632000366,single_4,60.0,0.015707963267948963,0.7464085,0.52392256,0.0
17.74580547200003,single_4,60.0,0.015707963267948963,0.876567,0.5629701,0.0
17.765884544000073,single_4,60.0,0.015707963267948963,0.97258437,0.59177536,0.0
17.785957664000307,single_4,60.0,0.015707963267948963,0.89465916,0.56839776,0.0
17.806041248000838,single_4,60.0,0.015707963267948963,0.6013851,0.48041555,0.0
17.826115744000163,single_4,60.0,0.015707963267948963,-0.5035013,0.14894962,0.0
17.84620083200025,single_4,60.0,0.015707963267948963,-1.0,0.0,0.0
17.86628233600004,single_4,60.0,0.015707963267948963,-1.0,0.0,0.0
17.886360256000444,single_4,60.0,0.015707963267948963,-1.0,0.0,0.0
17.906455008000194,single_4,60.0,0.015707963267948963,-1.0,0.0,0.01822793176432829
17.926539904000492,single_4,60.0,0.015707963267948963,0.38771164,0.4163135,0.2667678992450824
17.946613632000663,single_4,60.0,0.015707963267948963,-1.0,0.0,2.04551346892165
17.9666934400002,single_4,60.0,0.015707963267948963,0.7095619,0.5128686,8.233990110889705
17.986768928000856,single_4,60.0,0.015707963267948963,-1.0,0.0,17.386312531804634
18.00684345600075,single_4,60.0,0.015707963267948963,0.70871925,0.5126158,19.26453732669109
18.02692054400086,single_4,60.0,0.015707963267948963,0.26734906,0.3802047,11.20051458250618
18.047000384000057,single_4,60.0,0.015707963267948963,0.56050205,0.46815065,3.4161131422033058
18.067083648000335,single_4,60.0,0.015707963267948963,0.5351608,0.46054825,0.5463801010498861
18.087160544000653,single_4,60.0,0.015707963267948963,0.58102864,0.47430864,0.0458749496187051
18.107234240000253,single_4,60.0,0.015707963267948963,0.52950364,0.4588511,0.0
18.127312384000106,single_4,60.0,0.015707963267948963,0.52054983,0.45616496,0.0
18.147387648000404,single_4,60.0,0.015707963267948963,0.6132506,0.4839752,0.0
18.167471040000237,single_4,60.0,0.015707963267948963,0.59576166,0.4787285,0.0
18.187547424000513,single_4,60.0,0.015707963267948963,0.53659934,0.46097985,0.0
18.207624608000515,single_4,60.0,0.015707963267948963,0.55840635,0.46752194,0.0
18.227698528000474,single_4,60.0,0.015707963267948963,0.5517404,0.46552214,0.0
18.247780224000053,single_4,60.0,0.012566370614359171,0.51286256,0.4538588,0.0
18.267856896000012,single_4,60.0,0.012566370614359171,0.49520707,0.44856215,0.0
18.287934816000416,single_4,60.0,0.012566370614359171,0.5792735,0.47378206,0.0
18.308007808000184,single_4,60.0,0.012566370614359171,0.5506569,0.4651971,0.0
18.328085824000482,single_4,60.0,0.012566370614359171,0.50134015,0.45040205,0.0
18.348158944000716,single_4,60.0,0.012566370614359171,0.46715128,0.4401454,0.0
18.36824515200078,single_4,60.0,0.012566370614359171,0.58864677,0.47659406,0.0
18.388319424000656,single_4,60.0,0.012566370614359171,0.52155864,0.4564676,0.0
18.4083971200007,single_4,60.0,0.012566370614359171,0.44597924,0.43379378,0.0
18.42848179200064,single_4,60.0,0.012566370614359171,0.58488655,0.47546598,0.0
18.448556256000302,single_4,60.0,0.012566370614359171,0.5428053,0.4628416,0.0
18.468639872000495,single_4,60.0,0.012566370614359171,0.4842677,0.44528034,0.0
18.488717664000433,single_4,60.0,0.012566370614359171,0.5883592,0.47650775,0.0
18.508790112000497,single_4,60.0,0.012566370614359171,0.76525116,0.52957535,0.0
18.528869888000372,single_4,60.0,0.012566370614359171,0.8961595,0.5688479,0.0
18.5489478720001,single_4,60.0,0.012566370614359171,0.9135312,0.57405937,0.0
18.569032416000482,single_4,60.0,0.012566370614359171,0.58232325,0.47469702,0.0
18.589105280000695,single_4,60.0,0.012566370614359171,0.14311928,0.3429358,0.0
18.60918115200002,single_4,60.0,0.012566370614359171,-0.08445937,0.2746622,0.0
18.629271488000086,single_4,60.0,0.012566370614359171,-0.21673617,0.23497915,0.0
18.649347072000637,single_4,60.0,0.012566370614359171,0.0951727,0.3285518,0.0
18.66942476800068,single_4,60.0,0.012566370614359171,0.48979253,0.4469378,0.0
18.689499328000238,single_4,60.0,0.012566370614359171,0.79790485,0.5393715,0.0
18.709580096000536,single_4,60.0,0.012566370614359171,0.64411354,0.49323407,0.0
18.72966806400018,single_4,60.0,0.012566370614359171,0.72492546,0.5174777,0.0
18.749744672000816,single_4,60.0,0.012566370614359171,0.8378332,0.55135,0.0
18.769826624000416,single_4,60.0,0.012566370614359171,0.97008884,0.59102666,0.0
18.78991436800061,single_4,60.0,0.012566370614359171,0.80805784,0.54241735,0.0
18.80999225600044,single_4,60.0,0.012566370614359171,0.34938252,0.40481478,0.0
18.83007436800017,single_4,60.0,0.012566370614359171,-0.710892,0.086732395,0.0
18.850150304000636,single_4,60.0,0.012566370614359171,-1.0,0.0,0.0
18.87022710400015,single_4,60.0,0.012566370614359171,-1.0,0.0,0.0
18.89031884800079,single_4,60.0,0.012566370614359171,-1.0,0.0,0.0
18.91039670400005,single_4,60.0,0.012566370614359171,-1.0,0.0,0.03247553476164508
18.93047404800018,single_4,60.0,0.012566370614359171,0.5111073,0.45333222,0.41838461931303583
