file,model_key,midi,bpm,trial,n_target_strikes,success_rate,abs_err_ms_mean,err_ms_mean,err_ms_std,peak_force_mean,miss_rate_force,drift_ms_per_s,time_source,packet_yield,force_offset_applied
results/RAL/modelA_seed1/deploy_gmd_03_high_bpm138_RAL-A_seed1_trial01_1785732248.csv,RAL/A_seed1,gmd_03_high_bpm138.mid,137.99987580011177,1,78,0.05128205128205128,99.99850636482299,61.9966379289825,88.41328050589779,8.643024212133383,0.47435897435897434,-1.0622498508021887,rate_corrected,1.0003,0.0
results/RAL/modelA_seed1/deploy_test_double_bpm160_RAL-A_seed1_trial01_1785733454.csv,RAL/A_seed1,test_double_bpm160.mid,160.0,1,24,0.25,77.34036762615227,77.34036762615227,48.47260144081576,14.56728314055809,0.08333333333333333,-4.968311195052517,rate_corrected,1.0025,0.0
results/RAL/modelA_seed1/deploy_test_single8_bpm120_RAL-A_seed1_trial01_1785732407.csv,RAL/A_seed1,test_single8_bpm120.mid,120.0,1,12,0.0,122.0468070243399,122.0468070243399,17.612270381444006,1.6713054801070342,0.8333333333333334,15.349650349650368,rate_corrected,1.003,0.0
results/RAL/modelA_seed2/deploy_gmd_03_high_bpm138_RAL-A_seed2_trial01_1785730957.csv,RAL/A_seed2,gmd_03_high_bpm138.mid,137.99987580011177,1,78,0.05128205128205128,83.99886014017537,36.062918818437275,86.2106091306658,5.832973762689646,0.4230769230769231,-0.6526924969078464,rate_corrected,1.0003,0.0
results/RAL/modelA_seed2/deploy_test_double_bpm160_RAL-A_seed2_trial01_1785732351.csv,RAL/A_seed2,test_double_bpm160.mid,160.0,1,24,0.0,80.08144046884156,80.08144046884156,31.35427898771512,8.300180059205918,0.5416666666666666,-3.7669976178975664,rate_corrected,1.0025,0.0
results/RAL/modelA_seed2/deploy_test_single8_bpm120_RAL-A_seed2_trial01_1785730482.csv,RAL/A_seed2,test_single8_bpm120.mid,120.0,1,12,0.3333333333333333,39.856029548265234,-5.812337642455348,46.53373450488472,9.890957365642262,0.0,1.5384615384615477,rate_corrected,1.0035,0.0
results/RAL/modelA_seed3/deploy_gmd_03_high_bpm138_RAL-A_seed3_trial01_1785733497.csv,RAL/A_seed3,gmd_03_high_bpm138.mid,137.99987580011177,1,78,0.038461538461538464,75.79306255047845,46.54585723688211,70.53989138371585,3.9222411854328207,0.6410256410256411,-1.3635648304232826,rate_corrected,1.001,0.0
results/RAL/modelA_seed3/deploy_test_double_bpm160_RAL-A_seed3_trial01_1785730998.csv,RAL/A_seed3,test_double_bpm160.mid,160.0,1,24,0.20833333333333334,49.18666381872888,29.863331604228335,50.63574233384238,8.244865260780665,0.2916666666666667,-1.1801669752273125,rate_corrected,1.0025,0.0
results/RAL/modelA_seed3/deploy_test_single8_bpm120_RAL-A_seed3_trial01_1785731825.csv,RAL/A_seed3,test_single8_bpm120.mid,120.0,1,12,0.08333333333333333,44.821753947276484,44.821753947276484,15.349991537234565,2.7712434258044287,0.5833333333333334,7.272727272727331,rate_corrected,1.003,0.0
results/RAL/modelA_seed4/deploy_gmd_03_high_bpm138_RAL-A_seed4_trial01_1785731072.csv,RAL/A_seed4,gmd_03_high_bpm138.mid,137.99987580011177,1,78,0.038461538461538464,65.12404030894827,38.075716857947434,65.35393847874768,1.82585434219702,0.6923076923076923,1.1042681452829728,rate_corrected,1.0003,0.0
results/RAL/modelA_seed4/deploy_test_double_bpm160_RAL-A_seed4_trial01_1785732309.csv,RAL/A_seed4,test_double_bpm160.mid,160.0,1,24,0.25,47.943258324841665,-19.448680263850896,51.54234313162751,2.184397920672215,0.08333333333333333,-10.279218073295835,rate_corrected,1.0025,0.0
results/RAL/modelA_seed4/deploy_test_single8_bpm120_RAL-A_seed4_trial01_1785732823.csv,RAL/A_seed4,test_single8_bpm120.mid,120.0,1,12,0.0,58.531607633693476,58.531607633693476,6.268141090278201,3.4846135848058615,0.6666666666666666,4.405594405594364,rate_corrected,1.003,0.0
results/RAL/modelA_seed5/deploy_gmd_03_high_bpm138_RAL-A_seed5_trial01_1785732633.csv,RAL/A_seed5,gmd_03_high_bpm138.mid,137.99987580011177,1,78,0.01282051282051282,83.01499829681842,46.81296896437143,81.08621587863047,1.8057043006840252,0.8974358974358975,-0.35372108481302256,rate_corrected,1.0003,0.0
results/RAL/modelA_seed5/deploy_test_double_bpm160_RAL-A_seed5_trial01_1785731531.csv,RAL/A_seed5,test_double_bpm160.mid,160.0,1,24,0.16666666666666666,48.12588238100265,19.0844016338458,51.94857043824134,5.489298176010422,0.5,-16.66808335078276,rate_corrected,1.0019,0.0
results/RAL/modelA_seed5/deploy_test_single8_bpm120_RAL-A_seed5_trial01_1785731119.csv,RAL/A_seed5,test_single8_bpm120.mid,120.0,1,12,0.5,36.35682075778863,36.35682075778863,19.649922954770947,21.27436140018921,0.16666666666666666,-4.930069930069959,rate_corrected,1.003,0.0
results/RAL/modelB_seed1/deploy_gmd_03_high_bpm138_RAL-B_seed1_trial01_1785732119.csv,RAL/B_seed1,gmd_03_high_bpm138.mid,137.99987580011177,1,78,0.717948717948718,23.670131741114997,8.072472674715572,30.848289739099496,18.895091449887428,0.0641025641025641,0.12814185841008174,rate_corrected,1.0012,0.0
results/RAL/modelB_seed1/deploy_gmd_03_high_bpm138_RAL-B_seed1_trial02_1785735688.csv,RAL/B_seed1,gmd_03_high_bpm138.mid,137.99987580011177,2,78,0.6794871794871795,25.4382481889446,10.188794367455234,36.60315842873283,20.757698685278257,0.05128205128205128,0.18939050213285955,rate_corrected,1.0003,0.0
results/RAL/modelB_seed1/deploy_gmd_03_high_bpm138_RAL-B_seed1_trial03_1785734393.csv,RAL/B_seed1,gmd_03_high_bpm138.mid,137.99987580011177,3,78,0.44871794871794873,36.244165066960754,23.116357247431555,38.8735169099129,19.12789290037741,0.10256410256410256,0.32895970348991843,rate_corrected,1.0005,0.0
results/RAL/modelB_seed1/deploy_test_double_bpm160_RAL-B_seed1_trial01_1785733592.csv,RAL/B_seed1,test_double_bpm160.mid,160.0,1,24,0.3333333333333333,44.77594012195554,8.457677578591557,51.856271806817325,29.650420646788948,0.16666666666666666,1.5988489614322878,rate_corrected,1.0025,0.0
results/RAL/modelB_seed1/deploy_test_single8_bpm120_RAL-B_seed1_trial01_1785731646.csv,RAL/B_seed1,test_single8_bpm120.mid,120.0,1,12,0.75,10.516715818813232,-0.55351135888499,13.7433649173559,18.798547318948952,0.25,-8.706293706293717,rate_corrected,1.003,0.0
results/RAL/modelB_seed2/deploy_gmd_03_high_bpm138_RAL-B_seed2_trial01_1785731491.csv,RAL/B_seed2,gmd_03_high_bpm138.mid,137.99987580011177,1,78,0.4230769230769231,45.23248571928322,32.675833532226726,48.67806916956865,19.612276422573366,0.10256410256410256,-0.356214552914187,rate_corrected,1.0003,0.0
results/RAL/modelB_seed2/deploy_gmd_03_high_bpm138_RAL-B_seed2_trial02_1785735729.csv,RAL/B_seed2,gmd_03_high_bpm138.mid,137.99987580011177,2,78,0.4358974358974359,39.80756244804856,22.88588084992335,45.338257642413495,18.1450403900735,0.07692307692307693,-0.6100793198347418,rate_corrected,1.0003,0.0
results/RAL/modelB_seed2/deploy_gmd_03_high_bpm138_RAL-B_seed2_trial03_1785735785.csv,RAL/B_seed2,gmd_03_high_bpm138.mid,137.99987580011177,3,78,0.5128205128205128,30.420109513458918,17.05369775754518,33.714410620462466,21.735464777336173,0.16666666666666666,-1.9015611184126595,rate_corrected,1.0003,0.0
results/RAL/modelB_seed2/deploy_test_double_bpm160_RAL-B_seed2_trial01_1785732193.csv,RAL/B_seed2,test_double_bpm160.mid,160.0,1,24,0.3333333333333333,45.622822219462954,-6.2212939390175945,52.8404092482308,35.756665751111385,0.0,0.2319906623239642,rate_corrected,1.0025,0.0
results/RAL/modelB_seed2/deploy_test_single8_bpm120_RAL-B_seed2_trial01_1785731095.csv,RAL/B_seed2,test_single8_bpm120.mid,120.0,1,12,0.5,30.788089692373685,30.788089692373685,16.18725607021741,22.91345967996257,0.08333333333333333,13.21678321678324,rate_corrected,1.003,0.0
results/RAL/modelB_seed3/deploy_gmd_03_high_bpm138_RAL-B_seed3_trial01_1785731867.csv,RAL/B_seed3,gmd_03_high_bpm138.mid,137.99987580011177,1,78,0.3974358974358974,45.53979117664542,22.434496144304923,51.39423775616515,16.361077006024672,0.14102564102564102,-1.362910319974728,rate_corrected,1.0003,0.0
results/RAL/modelB_seed3/deploy_gmd_03_high_bpm138_RAL-B_seed3_trial02_1785734489.csv,RAL/B_seed3,gmd_03_high_bpm138.mid,137.99987580011177,2,78,0.0,44.94366672778894,44.94366672778894,,0.3030589719331632,0.9871794871794872,-1.271786059568486,rate_corrected,1.0003,0.0
results/RAL/modelB_seed3/deploy_gmd_03_high_bpm138_RAL-B_seed3_trial03_1785735492.csv,RAL/B_seed3,gmd_03_high_bpm138.mid,137.99987580011177,3,78,0.3974358974358974,41.19501869833964,16.072298961851942,49.7385430118376,18.70317697683646,0.1794871794871795,0.20085400734711442,rate_corrected,1.0003,0.0
results/RAL/modelB_seed3/deploy_test_double_bpm160_RAL-B_seed3_trial01_1785730814.csv,RAL/B_seed3,test_double_bpm160.mid,160.0,1,24,0.20833333333333334,46.15113513650192,-0.9049242183627645,50.840928126089736,22.69156468398084,0.08333333333333333,-10.624094272380665,rate_corrected,1.0025,0.0
results/RAL/modelB_seed3/deploy_test_single8_bpm120_RAL-B_seed3_trial01_1785731563.csv,RAL/B_seed3,test_single8_bpm120.mid,120.0,1,12,0.5,21.912415307337405,21.912415307337405,19.101185044836843,19.929003774122336,0.16666666666666666,-6.048951048951006,rate_corrected,1.001,0.0
results/RAL/modelB_seed4/deploy_gmd_03_high_bpm138_RAL-B_seed4_trial01_1785730526.csv,RAL/B_seed4,gmd_03_high_bpm138.mid,137.99987580011177,1,78,0.4230769230769231,38.32723680891869,25.101641008657914,36.795382830731214,15.675388700169734,0.05128205128205128,-0.014358613791868138,rate_corrected,1.0003,0.0
results/RAL/modelB_seed4/deploy_gmd_03_high_bpm138_RAL-B_seed4_trial02_1785734784.csv,RAL/B_seed4,gmd_03_high_bpm138.mid,137.99987580011177,2,78,0.21794871794871795,49.58599834886731,29.890301102603946,47.7285044228572,13.68444721980291,0.07692307692307693,-0.14444432701974333,rate_corrected,1.0003,0.0
results/RAL/modelB_seed4/deploy_gmd_03_high_bpm138_RAL-B_seed4_trial03_1785734969.csv,RAL/B_seed4,gmd_03_high_bpm138.mid,137.99987580011177,3,78,0.38461538461538464,42.47883255319604,17.311122984061228,50.261031541963305,17.58103485918055,0.038461538461538464,-0.8280094290030156,rate_corrected,1.0003,0.0
results/RAL/modelB_seed4/deploy_test_double_bpm160_RAL-B_seed4_trial01_1785732878.csv,RAL/B_seed4,test_double_bpm160.mid,160.0,1,24,0.125,45.77068475021246,8.95513397286757,48.681393970385635,19.56023845128738,0.16666666666666666,-7.667301755789985,rate_corrected,1.0025,0.0
results/RAL/modelB_seed4/deploy_test_single8_bpm120_RAL-B_seed4_trial01_1785733094.csv,RAL/B_seed4,test_single8_bpm120.mid,120.0,1,12,0.0,,,,0.14665161086867565,1.0,0.9790209790209833,rate_corrected,1.003,0.0
results/RAL/modelB_seed5/deploy_gmd_03_high_bpm138_RAL-B_seed5_trial01_1785733373.csv,RAL/B_seed5,gmd_03_high_bpm138.mid,137.99987580011177,1,78,0.2692307692307692,50.22782022222097,33.33834851007076,47.8363277334866,16.77112056924063,0.1282051282051282,0.9431515505854128,rate_corrected,1.0003,0.0
results/RAL/modelB_seed5/deploy_gmd_03_high_bpm138_RAL-B_seed5_trial02_1785734924.csv,RAL/B_seed5,gmd_03_high_bpm138.mid,137.99987580011177,2,78,0.5256410256410257,30.315543057920078,17.333357560175518,34.31797099034358,18.158734593043505,0.10256410256410256,0.019344619347723385,rate_corrected,1.0003,0.0
results/RAL/modelB_seed5/deploy_gmd_03_high_bpm138_RAL-B_seed5_trial03_1785735592.csv,RAL/B_seed5,gmd_03_high_bpm138.mid,137.99987580011177,3,78,0.46153846153846156,34.74464148202882,18.56798654100326,42.239449779802946,16.29808367236267,0.08974358974358974,0.7907255331262584,rate_corrected,1.0003,0.0
results/RAL/modelB_seed5/deploy_test_double_bpm160_RAL-B_seed5_trial01_1785731904.csv,RAL/B_seed5,test_double_bpm160.mid,160.0,1,24,0.375,48.51029488482211,3.7315611449863404,57.91605162146017,22.654052349416585,0.0,-0.6138734147823224,rate_corrected,1.0025,0.0
results/RAL/modelB_seed5/deploy_test_single8_bpm120_RAL-B_seed5_trial01_1785731941.csv,RAL/B_seed5,test_single8_bpm120.mid,120.0,1,12,0.5,29.475849959173757,29.475849959173757,16.38001350347854,36.50309762871182,0.0,-1.15384615384613,rate_corrected,1.003,0.0
results/RAL/modelC_seed1/deploy_gmd_03_high_bpm138_RAL-C_seed1_trial01_1785730753.csv,RAL/C_seed1,gmd_03_high_bpm138.mid,137.99987580011177,1,78,0.32051282051282054,46.43346206755821,33.46488678705236,42.7896659972664,18.1108048826485,0.14102564102564102,0.051317381636543626,rate_corrected,1.0003,0.0
results/RAL/modelC_seed1/deploy_test_double_bpm160_RAL-C_seed1_trial01_1785731611.csv,RAL/C_seed1,test_double_bpm160.mid,160.0,1,24,0.3333333333333333,45.76966305211617,-21.889838851012,50.48778378166207,36.851517278562774,0.16666666666666666,-1.1908439360045657,rate_corrected,1.0025,0.0
results/RAL/modelC_seed1/deploy_test_single8_bpm120_RAL-C_seed1_trial01_1785733649.csv,RAL/C_seed1,test_single8_bpm120.mid,120.0,1,12,0.6666666666666666,26.77692275761534,26.77692275761534,2.5783021646792017,9.28948840805282,0.3333333333333333,-1.3636363636364042,rate_corrected,1.003,0.0
results/RAL/modelC_seed2/deploy_gmd_03_high_bpm138_RAL-C_seed2_trial01_1785732960.csv,RAL/C_seed2,gmd_03_high_bpm138.mid,137.99987580011177,1,78,0.10256410256410256,65.36584883567876,36.11619205791252,66.58528037245239,14.35741948004285,0.28205128205128205,-0.41266378572151774,rate_corrected,1.0007,0.0
results/RAL/modelC_seed2/deploy_test_double_bpm160_RAL-C_seed2_trial01_1785733051.csv,RAL/C_seed2,test_double_bpm160.mid,160.0,1,24,0.20833333333333334,48.66362368629033,18.80185460606671,54.9340376691869,17.113035472680846,0.25,-4.226417910757147,rate_corrected,1.0025,0.0
results/RAL/modelC_seed2/deploy_test_single8_bpm120_RAL-C_seed2_trial01_1785733392.csv,RAL/C_seed2,test_single8_bpm120.mid,120.0,1,12,0.25,39.852161337959785,39.852161337959785,22.27803545049189,14.265277057201864,0.4166666666666667,-8.951048951049023,rate_corrected,1.003,0.0
results/RAL/modelC_seed3/deploy_gmd_03_high_bpm138_RAL-C_seed3_trial01_1785732021.csv,RAL/C_seed3,gmd_03_high_bpm138.mid,137.99987580011177,1,78,0.6025641025641025,28.004882213160524,14.778480011282335,37.363865512183445,20.490270464421286,0.05128205128205128,-0.4528329519119407,rate_corrected,1.0003,0.0
results/RAL/modelC_seed3/deploy_test_double_bpm160_RAL-C_seed3_trial01_1785732291.csv,RAL/C_seed3,test_double_bpm160.mid,160.0,1,24,0.2916666666666667,49.75480034840687,1.2438700087102628,56.752911903637404,23.91421246986297,0.0,6.763802822449466,rate_corrected,1.0025,0.0
results/RAL/modelC_seed3/deploy_test_single8_bpm120_RAL-C_seed3_trial01_1785730642.csv,RAL/C_seed3,test_single8_bpm120.mid,120.0,1,12,0.5,31.69896433322849,31.69896433322849,30.80925816348498,21.203151544745214,0.08333333333333333,-1.7832167832167367,rate_corrected,1.003,0.0
results/RAL/modelC_seed4/deploy_gmd_03_high_bpm138_RAL-C_seed4_trial01_1785731708.csv,RAL/C_seed4,gmd_03_high_bpm138.mid,137.99987580011177,1,78,0.5256410256410257,38.54385750144697,20.53796786573461,44.229656649842084,20.574783259893277,0.08974358974358974,1.7464189424193708,rate_corrected,1.0003,0.0
results/RAL/modelC_seed4/deploy_test_double_bpm160_RAL-C_seed4_trial01_1785732858.csv,RAL/C_seed4,test_double_bpm160.mid,160.0,1,24,0.375,46.438951454044435,-7.0487694171317195,58.15315506902016,14.559017710908336,0.0,-0.3373090327088292,rate_corrected,1.0025,0.0
results/RAL/modelC_seed4/deploy_test_single8_bpm120_RAL-C_seed4_trial01_1785730455.csv,RAL/C_seed4,test_single8_bpm120.mid,120.0,1,12,0.8333333333333334,24.071496471216147,-10.790670831924478,29.259118296417178,11.855586413159578,0.0,-1.1188811188811243,rate_corrected,1.003,0.0
results/RAL/modelC_seed5/deploy_gmd_03_high_bpm138_RAL-C_seed5_trial01_1785731425.csv,RAL/C_seed5,gmd_03_high_bpm138.mid,137.99987580011177,1,78,0.3333333333333333,46.48812032096991,30.45288365957651,48.57582386323071,19.804190895624348,0.08974358974358974,-0.16526608192267875,rate_corrected,1.0003,0.0
results/RAL/modelC_seed5/deploy_test_double_bpm160_RAL-C_seed5_trial01_1785730791.csv,RAL/C_seed5,test_double_bpm160.mid,160.0,1,24,0.4166666666666667,46.03957660072683,-21.568089939079226,50.43178258151854,18.474288155766473,0.0,-0.14346518170524733,rate_corrected,0.9969,0.0
results/RAL/modelC_seed5/deploy_test_single8_bpm120_RAL-C_seed5_trial01_1785732376.csv,RAL/C_seed5,test_single8_bpm120.mid,120.0,1,12,0.5,23.905059679435862,23.905059679435862,20.304539155846285,20.73011464786727,0.16666666666666666,-3.496503496503459,rate_corrected,1.003,0.0
results/RAL/modelD_seed1/deploy_gmd_03_high_bpm138_RAL-D_seed1_trial01_1785733572.csv,RAL/D_seed1,gmd_03_high_bpm138.mid,137.99987580011177,1,78,0.3717948717948718,39.79002661706601,31.98806061371971,31.501324260798793,17.46580792276157,0.1794871794871795,-0.27016730200493944,rate_corrected,1.0008,0.0
results/RAL/modelD_seed1/deploy_gmd_03_high_bpm138_RAL-D_seed1_trial02_1785734883.csv,RAL/D_seed1,gmd_03_high_bpm138.mid,137.99987580011177,2,78,0.6153846153846154,31.558189916821732,16.91092877399299,36.5916018182724,21.30996632791121,0.038461538461538464,-0.698777318118203,rate_corrected,1.0003,0.0
results/RAL/modelD_seed1/deploy_gmd_03_high_bpm138_RAL-D_seed1_trial03_1785735015.csv,RAL/D_seed1,gmd_03_high_bpm138.mid,137.99987580011177,3,78,0.5512820512820513,29.06024307511143,20.59878805085455,29.831915148022023,16.963230673762613,0.07692307692307693,-0.4784599010341743,rate_corrected,1.0003,0.0
results/RAL/modelD_seed1/deploy_test_double_bpm160_RAL-D_seed1_trial01_1785731666.csv,RAL/D_seed1,test_double_bpm160.mid,160.0,1,24,0.2916666666666667,45.619876473791805,12.441784492852307,49.31064878983749,13.993153681040885,0.0,2.640837405436363,rate_corrected,1.0025,0.0
results/RAL/modelD_seed1/deploy_test_single8_bpm120_RAL-D_seed1_trial01_1785730917.csv,RAL/D_seed1,test_single8_bpm120.mid,120.0,1,12,0.4166666666666667,29.43471664061043,29.43471664061043,14.684926981975245,25.750409456668805,0.08333333333333333,3.601398601398641,rate_corrected,1.003,0.0
results/RAL/modelD_seed2/deploy_gmd_03_high_bpm138_RAL-D_seed2_trial01_1785731981.csv,RAL/D_seed2,gmd_03_high_bpm138.mid,137.99987580011177,1,78,0.46153846153846156,39.178673727768086,20.74165079705372,45.431682316656506,27.643339570064626,0.0,0.5212938407722946,rate_corrected,1.0013,0.0
results/RAL/modelD_seed2/deploy_gmd_03_high_bpm138_RAL-D_seed2_trial02_1785735878.csv,RAL/D_seed2,gmd_03_high_bpm138.mid,137.99987580011177,2,78,0.44871794871794873,41.50213721117871,21.529233678299114,46.80739971477955,25.168210198972854,0.01282051282051282,-0.004224736649025274,rate_corrected,1.0003,0.0
results/RAL/modelD_seed2/deploy_gmd_03_high_bpm138_RAL-D_seed2_trial03_1785735231.csv,RAL/D_seed2,gmd_03_high_bpm138.mid,137.99987580011177,3,78,0.48717948717948717,39.94989993910173,21.839278633375663,45.1290081874116,25.39240386473884,0.038461538461538464,0.6377828073879612,rate_corrected,1.0003,0.0
results/RAL/modelD_seed2/deploy_test_double_bpm160_RAL-D_seed2_trial01_1785730683.csv,RAL/D_seed2,test_double_bpm160.mid,160.0,1,24,0.16666666666666666,46.45321608628604,3.3180868633061222,50.353443245207366,26.700298064109223,0.25,-4.379834434546049,rate_corrected,1.0025,0.0
results/RAL/modelD_seed2/deploy_test_single8_bpm120_RAL-D_seed2_trial01_1785730888.csv,RAL/D_seed2,test_single8_bpm120.mid,120.0,1,12,0.6666666666666666,29.060169477387323,29.060169477387323,14.22330486367216,22.93126214382357,0.0,-2.0979020979021135,rate_corrected,1.003,0.0
results/RAL/modelD_seed3/deploy_gmd_03_high_bpm138_RAL-D_seed3_trial01_1785733002.csv,RAL/D_seed3,gmd_03_high_bpm138.mid,137.99987580011177,1,78,0.0,,,,0.034652593721189125,1.0,-0.9487840231443192,rate_corrected,1.0003,0.0
results/RAL/modelD_seed3/deploy_gmd_03_high_bpm138_RAL-D_seed3_trial02_1785734691.csv,RAL/D_seed3,gmd_03_high_bpm138.mid,137.99987580011177,2,78,0.0,,,,0.06869246967518503,1.0,0.6166571299001203,rate_corrected,1.0003,0.0
results/RAL/modelD_seed3/deploy_gmd_03_high_bpm138_RAL-D_seed3_trial03_1785735551.csv,RAL/D_seed3,gmd_03_high_bpm138.mid,137.99987580011177,3,78,0.0,,,,0.10860128975918022,1.0,0.12509352551970518,rate_corrected,1.0012,0.0
results/RAL/modelD_seed3/deploy_test_double_bpm160_RAL-D_seed3_trial01_1785731442.csv,RAL/D_seed3,test_double_bpm160.mid,160.0,1,24,0.0,,,,-0.06252733949804913,1.0,-3.7932235506802625,rate_corrected,1.0019,0.0
results/RAL/modelD_seed3/deploy_test_single8_bpm120_RAL-D_seed3_trial01_1785731592.csv,RAL/D_seed3,test_single8_bpm120.mid,120.0,1,12,0.0,,,,-0.019928586687804284,1.0,27.86713286713288,rate_corrected,1.003,0.0
results/RAL/modelD_seed4/deploy_gmd_03_high_bpm138_RAL-D_seed4_trial01_1785732552.csv,RAL/D_seed4,gmd_03_high_bpm138.mid,137.99987580011177,1,78,0.47435897435897434,34.23394868956745,17.67549366121611,39.58635330237898,14.712490599907824,0.02564102564102564,0.0911672030986827,rate_corrected,1.0003,0.0
results/RAL/modelD_seed4/deploy_gmd_03_high_bpm138_RAL-D_seed4_trial02_1785735837.csv,RAL/D_seed4,gmd_03_high_bpm138.mid,137.99987580011177,2,78,0.6282051282051282,27.463750802073935,11.133953027867703,35.27531935801974,15.294102963190767,0.05128205128205128,-0.06770733102524251,rate_corrected,1.0003,0.0
results/RAL/modelD_seed4/deploy_gmd_03_high_bpm138_RAL-D_seed4_trial03_1785735325.csv,RAL/D_seed4,gmd_03_high_bpm138.mid,137.99987580011177,3,78,0.5769230769230769,33.180005514818596,22.141904670284916,35.593341938592474,14.556572317520835,0.02564102564102564,0.21015655119020066,rate_corrected,1.0003,0.0
results/RAL/modelD_seed4/deploy_test_double_bpm160_RAL-D_seed4_trial01_1785732840.csv,RAL/D_seed4,test_double_bpm160.mid,160.0,1,24,0.16666666666666666,45.602326305689864,-12.02243148059091,48.141286030071456,20.399497461877303,0.0,-0.3049671709370746,rate_corrected,1.0025,0.0
results/RAL/modelD_seed4/deploy_test_single8_bpm120_RAL-D_seed4_trial01_1785730978.csv,RAL/D_seed4,test_single8_bpm120.mid,120.0,1,12,0.8333333333333334,19.92716742658028,19.92716742658028,31.14751930040804,31.011037527593828,0.0,-3.986013986014023,rate_corrected,1.003,0.0
results/RAL/modelD_seed5/deploy_gmd_03_high_bpm138_RAL-D_seed5_trial01_1785732079.csv,RAL/D_seed5,gmd_03_high_bpm138.mid,137.99987580011177,1,78,0.0,,,,0.02154528516419071,1.0,1.245147829981774,rate_corrected,1.0003,0.0
results/RAL/modelD_seed5/deploy_gmd_03_high_bpm138_RAL-D_seed5_trial02_1785735092.csv,RAL/D_seed5,gmd_03_high_bpm138.mid,137.99987580011177,2,78,0.0,,,,0.07534393968918421,1.0,0.5999635238255868,rate_corrected,1.001,0.0
results/RAL/modelD_seed5/deploy_gmd_03_high_bpm138_RAL-D_seed5_trial03_1785735133.csv,RAL/D_seed5,gmd_03_high_bpm138.mid,137.99987580011177,3,78,0.0,,,,0.1086012897591802,1.0,-0.10495453283663686,rate_corrected,1.0003,0.0
results/RAL/modelD_seed5/deploy_test_double_bpm160_RAL-D_seed5_trial01_1785731922.csv,RAL/D_seed5,test_double_bpm160.mid,160.0,1,24,0.16666666666666666,59.722984980699955,41.23729915334038,58.73955862591522,4.453576260668764,0.4166666666666667,3.690496675629775,rate_corrected,1.0025,0.0
results/RAL/modelD_seed5/deploy_test_single8_bpm120_RAL-D_seed5_trial01_1785732576.csv,RAL/D_seed5,test_single8_bpm120.mid,120.0,1,12,0.0,,,,0.010589922788192032,1.0,23.84615384615385,rate_corrected,1.003,0.0
results/RAL/modelE_seed1/deploy_gmd_03_high_bpm138_RAL-E_seed1_trial01_1785730584.csv,RAL/E_seed1,gmd_03_high_bpm138.mid,137.99987580011177,1,78,0.32051282051282054,52.67604621849768,27.77975735154424,56.194192605771924,26.08748248120177,0.08974358974358974,0.986775675749282,rate_corrected,1.0003,0.0
results/RAL/modelE_seed1/deploy_gmd_03_high_bpm138_RAL-E_seed1_trial02_1785734353.csv,RAL/E_seed1,gmd_03_high_bpm138.mid,137.99987580011177,2,78,0.2692307692307692,52.9150725015152,35.92262668412719,52.25011041009845,28.439755288505555,0.14102564102564102,0.11695541997921372,rate_corrected,1.0003,0.0
results/RAL/modelE_seed1/deploy_gmd_03_high_bpm138_RAL-E_seed1_trial03_1785734650.csv,RAL/E_seed1,gmd_03_high_bpm138.mid,137.99987580011177,3,78,0.21794871794871795,56.02613634950307,40.45924132185606,49.49846981676234,21.17654566468923,0.1282051282051282,-0.6391119036613773,rate_corrected,1.0003,0.0
results/RAL/modelE_seed1/deploy_test_double_bpm160_RAL-E_seed1_trial01_1785730544.csv,RAL/E_seed1,test_double_bpm160.mid,160.0,1,24,0.4166666666666667,55.21614033168106,-55.21614033168106,49.505448401820566,28.92115543076876,0.16666666666666666,-3.5882880996460664,rate_corrected,0.9975,0.0
results/RAL/modelE_seed1/deploy_test_single8_bpm120_RAL-E_seed1_trial01_1785733517.csv,RAL/E_seed1,test_single8_bpm120.mid,120.0,1,12,0.16666666666666666,72.23407395510836,72.23407395510836,50.08984468239234,5.300464898627699,0.5,-22.02797202797202,rate_corrected,1.003,0.0
results/RAL/modelE_seed2/deploy_gmd_03_high_bpm138_RAL-E_seed2_trial01_1785730864.csv,RAL/E_seed2,gmd_03_high_bpm138.mid,137.99987580011177,1,78,0.6153846153846154,34.07707824172194,21.930792927840876,38.17096288638978,22.211827409221133,0.05128205128205128,-0.5950749037874088,rate_corrected,1.0003,0.0
results/RAL/modelE_seed2/deploy_gmd_03_high_bpm138_RAL-E_seed2_trial02_1785734837.csv,RAL/E_seed2,gmd_03_high_bpm138.mid,137.99987580011177,2,78,0.6153846153846154,34.113095691056486,11.154852583387244,45.939400133444984,23.219133853400038,0.01282051282051282,-0.7660007129190212,rate_corrected,1.0003,0.0
results/RAL/modelE_seed2/deploy_gmd_03_high_bpm138_RAL-E_seed2_trial03_1785735177.csv,RAL/E_seed2,gmd_03_high_bpm138.mid,137.99987580011177,3,78,0.6153846153846154,27.82502430981044,13.127703776936306,33.28228365463744,21.406803906056204,0.10256410256410256,-0.46767204524086736,rate_corrected,1.0002,0.0
results/RAL/modelE_seed2/deploy_test_double_bpm160_RAL-E_seed2_trial01_1785732479.csv,RAL/E_seed2,test_double_bpm160.mid,160.0,1,24,0.25,50.257701967909,-4.478409086249336,60.253103226826376,23.31782993051952,0.16666666666666666,-9.832962576734209,rate_corrected,1.0025,0.0
results/RAL/modelE_seed2/deploy_test_single8_bpm120_RAL-E_seed2_trial01_1785731023.csv,RAL/E_seed2,test_single8_bpm120.mid,120.0,1,12,1.0,10.378130778165888,10.378130778165888,8.87524646725746,25.323150324004843,0.0,-2.692307692307709,rate_corrected,1.003,0.0
results/RAL/modelE_seed3/deploy_gmd_03_high_bpm138_RAL-E_seed3_trial01_1785732174.csv,RAL/E_seed3,gmd_03_high_bpm138.mid,137.99987580011177,1,78,0.6282051282051282,29.501661702905107,10.052904767359665,39.1118711790345,22.376157844861112,0.02564102564102564,0.5189937477365617,rate_corrected,1.0003,0.0
results/RAL/modelE_seed3/deploy_gmd_03_high_bpm138_RAL-E_seed3_trial02_1785734244.csv,RAL/E_seed3,gmd_03_high_bpm138.mid,137.99987580011177,2,78,0.41025641025641024,36.799124301373155,26.67594512553069,36.1045482342203,17.25628661732058,0.0641025641025641,-0.2188574984905857,rate_corrected,1.0003,0.0
results/RAL/modelE_seed3/deploy_gmd_03_high_bpm138_RAL-E_seed3_trial03_1785735450.csv,RAL/E_seed3,gmd_03_high_bpm138.mid,137.99987580011177,3,78,0.6153846153846154,29.43220317914493,5.859805157838797,40.0406315002615,22.76448631479608,0.038461538461538464,0.19970598830932748,rate_corrected,1.0002,0.0
results/RAL/modelE_seed3/deploy_test_double_bpm160_RAL-E_seed3_trial01_1785733069.csv,RAL/E_seed3,test_double_bpm160.mid,160.0,1,24,0.3333333333333333,45.605997262031586,-6.217248937900877e-14,51.369676722239355,20.07142348501033,0.0,-7.714777950313843,rate_corrected,1.0025,0.0
results/RAL/modelE_seed3/deploy_test_single8_bpm120_RAL-E_seed3_trial01_1785732500.csv,RAL/E_seed3,test_single8_bpm120.mid,120.0,1,12,0.6666666666666666,31.13505913391109,31.13505913391109,17.532408880193582,29.139235613065992,0.0,-2.342657342657346,rate_corrected,1.003,0.0
results/RAL/modelE_seed4/deploy_gmd_03_high_bpm138_RAL-E_seed4_trial01_1785732448.csv,RAL/E_seed4,gmd_03_high_bpm138.mid,137.99987580011177,1,78,0.47435897435897434,38.017840450614294,24.03579755284026,40.912943172606695,20.021537459905332,0.038461538461538464,-0.6715542436272647,rate_corrected,1.0003,0.0
results/RAL/modelE_seed4/deploy_gmd_03_high_bpm138_RAL-E_seed4_trial02_1785735277.csv,RAL/E_seed4,gmd_03_high_bpm138.mid,137.99987580011177,2,78,0.6153846153846154,30.852710951430137,10.740300708147574,40.24205168705039,24.784381252870894,0.0641025641025641,0.6339349826060244,rate_corrected,1.0003,0.0
results/RAL/modelE_seed4/deploy_gmd_03_high_bpm138_RAL-E_seed4_trial03_1785735647.csv,RAL/E_seed4,gmd_03_high_bpm138.mid,137.99987580011177,3,78,0.5769230769230769,30.306831083899283,12.275306869222339,38.29447840802015,26.55347664512373,0.07692307692307693,0.09123600447125325,rate_corrected,1.0003,0.0
results/RAL/modelE_seed4/deploy_test_double_bpm160_RAL-E_seed4_trial01_1785733431.csv,RAL/E_seed4,test_double_bpm160.mid,160.0,1,24,0.2916666666666667,46.13275780275401,5.427383270912245,53.117529044829105,25.784742779829298,0.08333333333333333,-9.3515664034398,rate_corrected,1.0025,0.0
results/RAL/modelE_seed4/deploy_test_single8_bpm120_RAL-E_seed4_trial01_1785733613.csv,RAL/E_seed4,test_single8_bpm120.mid,120.0,1,12,0.5,30.29696139502883,30.29696139502883,13.999503970946625,22.28020060833563,0.0,4.020979020979017,rate_corrected,1.003,0.0
results/RAL/modelE_seed5/deploy_gmd_03_high_bpm138_RAL-E_seed5_trial01_1785732917.csv,RAL/E_seed5,gmd_03_high_bpm138.mid,137.99987580011177,1,78,0.38461538461538464,45.861232656753366,27.29165378960166,48.8140243282587,17.756125025725538,0.08974358974358974,0.6181855174923349,rate_corrected,0.9998,0.0
results/RAL/modelE_seed5/deploy_gmd_03_high_bpm138_RAL-E_seed5_trial02_1785734734.csv,RAL/E_seed5,gmd_03_high_bpm138.mid,137.99987580011177,2,78,0.3974358974358974,45.01857689229861,22.292157046347185,54.33394969982651,19.637121619390363,0.11538461538461539,-0.08744893761634934,rate_corrected,1.0002,0.0
results/RAL/modelE_seed5/deploy_gmd_03_high_bpm138_RAL-E_seed5_trial03_1785734285.csv,RAL/E_seed5,gmd_03_high_bpm138.mid,137.99987580011177,3,78,0.38461538461538464,46.3410214123968,22.105621941571194,53.58773131298372,16.660393156654646,0.1282051282051282,-0.07605536384549201,rate_corrected,1.0002,0.0
results/RAL/modelE_seed5/deploy_test_double_bpm160_RAL-E_seed5_trial01_1785731885.csv,RAL/E_seed5,test_double_bpm160.mid,160.0,1,24,0.4583333333333333,45.2442838943686,-28.051456014508464,53.03947603468228,31.41032135990479,0.08333333333333333,-13.13577155035695,rate_corrected,1.0025,0.0
results/RAL/modelE_seed5/deploy_test_single8_bpm120_RAL-E_seed5_trial01_1785731143.csv,RAL/E_seed5,test_single8_bpm120.mid,120.0,1,12,0.08333333333333333,57.28541771625473,57.28541771625473,38.745737446342474,2.4202805668304666,0.8333333333333334,-16.818181818181817,rate_corrected,1.003,0.0
